label_name,bbox_x,bbox_y,bbox_width,bbox_height,image_name,image_width,image_height
am_text,37,57,311,27,COMP_DOC_000.png,595,841
am_text,19,84,366,39,COMP_DOC_000.png,595,841
am_text,29,207,141,66,COMP_DOC_000.png,595,841
am_text,24,20,535,45,COMP_DOC_001.png,596,842
am_text,59,82,157,39,COMP_DOC_001.png,596,842
am_text,392,86,151,25,COMP_DOC_001.png,596,842
am_figure,247,70,114,63,COMP_DOC_001.png,596,842
am_text,123,151,358,49,COMP_DOC_001.png,596,842
am_text,65,208,482,304,COMP_DOC_001.png,596,842
am_text,35,570,0,2,COMP_DOC_001.png,596,842
am_text,57,529,472,266,COMP_DOC_001.png,596,842
am_text,14,8,542,51,COMP_DOC_002.png,596,842
am_text,65,213,2,0,COMP_DOC_002.png,596,842
am_text,33,69,495,206,COMP_DOC_002.png,596,842
am_text,6,294,544,313,COMP_DOC_002.png,596,842
am_text,51,627,486,170,COMP_DOC_002.png,596,842
am_text,12,8,544,63,COMP_DOC_003.png,596,842
am_text,59,104,474,98,COMP_DOC_003.png,596,842
am_text,55,221,470,141,COMP_DOC_003.png,596,842
am_text,540,221,0,2,COMP_DOC_003.png,596,842
am_text,22,376,517,427,COMP_DOC_003.png,596,842
am_figure,180,307,251,227,COMP_DOC_003.png,596,842
am_text,31,0,529,63,COMP_DOC_004.png,596,842
am_text,59,70,482,208,COMP_DOC_004.png,596,842
am_text,24,296,513,112,COMP_DOC_004.png,596,842
am_text,41,415,509,376,COMP_DOC_004.png,596,842
am_text,77,35,427,79,COMP_DOC_005.png,612,792
am_text,90,134,367,44,COMP_DOC_005.png,612,792
am_text,88,217,420,140,COMP_DOC_005.png,612,792
am_text,77,385,472,193,COMP_DOC_005.png,612,792
am_text,44,597,525,158,COMP_DOC_005.png,612,792
am_text,85,46,424,300,COMP_DOC_006.png,612,792
am_text,50,355,477,405,COMP_DOC_006.png,612,792
am_chart,144,37,320,354,COMP_DOC_007.png,612,792
am_caption,195,400,239,17,COMP_DOC_007.png,612,792
am_text,63,433,459,293,COMP_DOC_007.png,612,792
am_chart,118,59,346,188,COMP_DOC_008.png,612,792
am_caption,74,269,460,66,COMP_DOC_008.png,612,792
am_text,66,350,479,142,COMP_DOC_008.png,612,792
am_text,42,499,483,64,COMP_DOC_008.png,612,792
am_text,63,571,449,46,COMP_DOC_008.png,612,792
am_text,59,626,468,133,COMP_DOC_008.png,612,792
am_text,70,44,514,228,COMP_DOC_009.png,612,792
am_text,98,280,462,193,COMP_DOC_009.png,612,792
am_text,66,490,494,149,COMP_DOC_009.png,612,792
am_text,46,646,484,131,COMP_DOC_009.png,612,792
am_caption,88,55,440,46,COMP_DOC_010.png,612,792
am_text,88,109,426,84,COMP_DOC_010.png,612,792
am_text,97,209,419,271,COMP_DOC_010.png,612,792
am_text,88,491,431,236,COMP_DOC_010.png,612,792
am_text,88,51,427,232,COMP_DOC_011.png,612,792
am_text,93,296,261,42,COMP_DOC_011.png,612,792
am_text,63,351,456,99,COMP_DOC_011.png,612,792
am_text,85,464,418,78,COMP_DOC_011.png,612,792
am_text,65,556,461,118,COMP_DOC_011.png,612,792
am_text,93,687,284,78,COMP_DOC_011.png,612,792
am_caption,90,58,439,36,COMP_DOC_012.png,612,792
am_table,101,99,388,153,COMP_DOC_012.png,612,792
am_text,74,266,435,51,COMP_DOC_012.png,612,792
am_text,98,327,409,30,COMP_DOC_012.png,612,792
am_text,79,369,453,273,COMP_DOC_012.png,612,792
am_text,70,653,443,108,COMP_DOC_012.png,612,792
am_caption,87,61,426,58,COMP_DOC_013.png,612,792
am_table,102,125,413,270,COMP_DOC_013.png,612,792
am_table,22,452,1,0,COMP_DOC_013.png,612,792
am_text,79,409,430,143,COMP_DOC_013.png,612,792
am_text,52,558,470,203,COMP_DOC_013.png,612,792
am_caption,93,55,431,38,COMP_DOC_014.png,612,792
am_table,90,95,397,143,COMP_DOC_014.png,612,792
am_text,98,257,412,93,COMP_DOC_014.png,612,792
am_text,68,362,449,219,COMP_DOC_014.png,612,792
am_text,54,589,478,169,COMP_DOC_014.png,612,792
am_text,107,68,418,40,COMP_DOC_015.png,612,792
am_text,89,114,426,21,COMP_DOC_015.png,612,792
am_text,90,144,426,23,COMP_DOC_015.png,612,792
am_text,89,173,441,26,COMP_DOC_015.png,612,792
am_text,101,205,408,25,COMP_DOC_015.png,612,792
am_text,81,235,447,22,COMP_DOC_015.png,612,792
am_text,92,270,439,30,COMP_DOC_015.png,612,792
am_text,76,310,489,22,COMP_DOC_015.png,612,792
am_text,89,339,427,23,COMP_DOC_015.png,612,792
am_text,53,370,462,36,COMP_DOC_015.png,612,792
am_text,92,414,452,14,COMP_DOC_015.png,612,792
am_text,66,443,464,22,COMP_DOC_015.png,612,792
am_text,55,473,470,23,COMP_DOC_015.png,612,792
am_text,74,502,457,34,COMP_DOC_015.png,612,792
am_text,63,574,0,1,COMP_DOC_015.png,612,792
am_text,55,543,505,27,COMP_DOC_015.png,612,792
am_text,519,586,0,3,COMP_DOC_015.png,612,792
am_text,100,576,409,14,COMP_DOC_015.png,612,792
am_text,90,597,449,25,COMP_DOC_015.png,612,792
am_text,58,627,454,34,COMP_DOC_015.png,612,792
am_text,109,665,421,27,COMP_DOC_015.png,612,792
am_text,76,695,438,64,COMP_DOC_015.png,612,792
am_text,100,56,444,42,COMP_DOC_016.png,612,792
am_text,75,103,438,36,COMP_DOC_016.png,612,792
am_text,100,153,426,25,COMP_DOC_016.png,612,792
am_text,81,186,475,23,COMP_DOC_016.png,612,792
am_text,65,217,447,49,COMP_DOC_016.png,612,792
am_text,84,274,435,25,COMP_DOC_016.png,612,792
am_text,41,310,474,25,COMP_DOC_016.png,612,792
am_text,90,345,448,34,COMP_DOC_016.png,612,792
am_text,48,388,486,36,COMP_DOC_016.png,612,792
am_text,92,432,432,48,COMP_DOC_016.png,612,792
am_text,94,488,453,26,COMP_DOC_016.png,612,792
am_text,55,523,452,26,COMP_DOC_016.png,612,792
am_text,83,563,434,23,COMP_DOC_016.png,612,792
am_text,85,599,457,42,COMP_DOC_016.png,612,792
am_text,66,649,454,30,COMP_DOC_016.png,612,792
am_text,79,688,465,69,COMP_DOC_016.png,612,792
am_text,90,55,148,30,COMP_DOC_017.png,612,792
am_chart,48,100,487,200,COMP_DOC_017.png,612,792
am_caption,76,309,444,70,COMP_DOC_017.png,612,792
am_chart,85,127,428,478,COMP_DOC_018.png,612,792
am_caption,39,614,473,58,COMP_DOC_018.png,612,792
am_chart,76,147,447,443,COMP_DOC_019.png,612,792
am_caption,71,600,440,62,COMP_DOC_019.png,612,792
am_text,151,87,295,53,COMP_DOC_020.png,612,792
am_text,63,158,502,132,COMP_DOC_020.png,612,792
am_text,76,306,441,273,COMP_DOC_020.png,612,792
am_text,90,595,431,135,COMP_DOC_020.png,612,792
am_chart,94,52,421,136,COMP_DOC_021.png,612,792
am_caption,75,193,439,44,COMP_DOC_021.png,612,792
am_text,93,252,422,152,COMP_DOC_021.png,612,792
am_text,68,409,483,64,COMP_DOC_021.png,612,792
am_text,89,480,443,121,COMP_DOC_021.png,612,792
am_text,68,613,467,145,COMP_DOC_021.png,612,792
am_text,102,40,418,129,COMP_DOC_022.png,612,792
am_text,81,178,427,112,COMP_DOC_022.png,612,792
am_text,72,301,449,127,COMP_DOC_022.png,612,792
am_text,54,438,479,130,COMP_DOC_022.png,612,792
am_text,89,579,426,87,COMP_DOC_022.png,612,792
am_text,52,680,458,87,COMP_DOC_022.png,612,792
am_text,103,64,418,71,COMP_DOC_023.png,612,792
am_text,75,140,451,80,COMP_DOC_023.png,612,792
am_text,58,227,466,126,COMP_DOC_023.png,612,792
am_text,65,366,453,117,COMP_DOC_023.png,612,792
am_text,41,496,480,138,COMP_DOC_023.png,612,792
am_text,83,645,426,105,COMP_DOC_023.png,612,792
am_text,102,58,423,73,COMP_DOC_024.png,612,792
am_text,77,140,434,223,COMP_DOC_024.png,612,792
am_text,89,374,435,155,COMP_DOC_024.png,612,792
am_text,58,543,458,214,COMP_DOC_024.png,612,792
am_caption,96,66,208,56,COMP_DOC_025.png,612,792
am_caption,310,71,216,52,COMP_DOC_025.png,612,792
am_caption,63,129,451,99,COMP_DOC_025.png,612,792
am_text,85,235,422,35,COMP_DOC_025.png,612,792
am_text,53,279,476,110,COMP_DOC_025.png,612,792
am_text,97,401,435,260,COMP_DOC_025.png,612,792
am_text,61,667,464,88,COMP_DOC_025.png,612,792
am_text,85,64,193,65,COMP_DOC_026.png,612,792
am_chart,290,40,222,92,COMP_DOC_026.png,612,792
am_caption,75,140,431,32,COMP_DOC_026.png,612,792
am_caption,97,186,417,30,COMP_DOC_026.png,612,792
am_table,48,221,465,129,COMP_DOC_026.png,612,792
am_table,90,362,418,90,COMP_DOC_026.png,612,792
am_table,72,460,443,88,COMP_DOC_026.png,612,792
am_table,65,560,439,95,COMP_DOC_026.png,612,792
am_table,48,665,466,96,COMP_DOC_026.png,612,792
am_caption,97,74,204,27,COMP_DOC_027.png,612,792
am_caption,302,75,209,29,COMP_DOC_027.png,612,792
am_table,59,108,454,70,COMP_DOC_027.png,612,792
am_caption,76,195,451,13,COMP_DOC_027.png,612,792
am_table,19,214,501,104,COMP_DOC_027.png,612,792
am_text,90,334,426,61,COMP_DOC_027.png,612,792
am_text,68,410,444,78,COMP_DOC_027.png,612,792
am_chart,94,502,434,77,COMP_DOC_027.png,612,792
am_caption,49,580,464,32,COMP_DOC_027.png,612,792
am_text,28,618,500,139,COMP_DOC_027.png,612,792
am_text,94,53,432,123,COMP_DOC_028.png,612,792
am_text,83,183,447,75,COMP_DOC_028.png,612,792
am_text,90,271,445,110,COMP_DOC_028.png,612,792
am_text,67,391,454,95,COMP_DOC_028.png,612,792
am_text,81,496,432,260,COMP_DOC_028.png,612,792
am_text,87,47,466,114,COMP_DOC_029.png,612,792
am_text,46,169,491,90,COMP_DOC_029.png,612,792
am_text,102,273,434,77,COMP_DOC_029.png,612,792
am_text,74,364,426,74,COMP_DOC_029.png,612,792
am_text,106,440,409,49,COMP_DOC_029.png,612,792
am_text,31,501,480,55,COMP_DOC_029.png,612,792
am_text,97,567,408,32,COMP_DOC_029.png,612,792
am_text,33,606,493,55,COMP_DOC_029.png,612,792
am_text,81,666,443,95,COMP_DOC_029.png,612,792
am_text,103,57,435,48,COMP_DOC_030.png,612,792
am_text,89,110,460,70,COMP_DOC_030.png,612,792
am_text,65,186,483,36,COMP_DOC_030.png,612,792
am_text,88,229,441,45,COMP_DOC_030.png,612,792
am_text,49,286,470,51,COMP_DOC_030.png,612,792
am_text,74,341,461,56,COMP_DOC_030.png,612,792
am_text,49,406,479,34,COMP_DOC_030.png,612,792
am_text,92,449,426,31,COMP_DOC_030.png,612,792
am_text,96,488,469,45,COMP_DOC_030.png,612,792
am_text,53,543,470,38,COMP_DOC_030.png,612,792
am_text,68,587,444,32,COMP_DOC_030.png,612,792
am_text,22,628,551,55,COMP_DOC_030.png,612,792
am_text,77,686,447,83,COMP_DOC_030.png,612,792
am_text,92,47,435,58,COMP_DOC_031.png,612,792
am_text,57,116,512,75,COMP_DOC_031.png,612,792
am_text,20,199,506,56,COMP_DOC_031.png,612,792
am_text,52,261,460,25,COMP_DOC_031.png,612,792
am_text,114,292,397,57,COMP_DOC_031.png,612,792
am_text,45,354,471,55,COMP_DOC_031.png,612,792
am_text,97,414,428,36,COMP_DOC_031.png,612,792
am_text,45,458,467,32,COMP_DOC_031.png,612,792
am_text,93,499,413,45,COMP_DOC_031.png,612,792
am_text,53,548,475,80,COMP_DOC_031.png,612,792
am_text,22,635,527,61,COMP_DOC_031.png,612,792
am_text,87,701,430,64,COMP_DOC_031.png,612,792
am_text,124,61,393,44,COMP_DOC_032.png,612,792
am_text,70,109,438,47,COMP_DOC_032.png,612,792
am_text,94,167,445,60,COMP_DOC_032.png,612,792
am_text,45,236,480,36,COMP_DOC_032.png,612,792
am_text,102,280,413,53,COMP_DOC_032.png,612,792
am_text,53,336,497,47,COMP_DOC_032.png,612,792
am_text,81,390,456,36,COMP_DOC_032.png,612,792
am_text,26,434,487,23,COMP_DOC_032.png,612,792
am_text,92,461,430,44,COMP_DOC_032.png,612,792
am_text,50,513,506,34,COMP_DOC_032.png,612,792
am_text,93,553,422,53,COMP_DOC_032.png,612,792
am_text,46,617,492,53,COMP_DOC_032.png,612,792
am_text,72,678,448,82,COMP_DOC_032.png,612,792
am_text,114,68,400,49,COMP_DOC_033.png,612,792
am_text,66,125,448,21,COMP_DOC_033.png,612,792
am_text,71,151,441,66,COMP_DOC_033.png,612,792
am_text,41,222,492,69,COMP_DOC_033.png,612,792
am_text,50,295,448,68,COMP_DOC_033.png,612,792
am_text,44,366,483,48,COMP_DOC_033.png,612,792
am_text,79,419,467,45,COMP_DOC_033.png,612,792
am_text,71,470,438,45,COMP_DOC_033.png,612,792
am_text,52,522,476,30,COMP_DOC_033.png,612,792
am_text,77,560,443,31,COMP_DOC_033.png,612,792
am_text,65,597,445,38,COMP_DOC_033.png,612,792
am_text,50,637,458,35,COMP_DOC_033.png,612,792
am_text,106,674,405,66,COMP_DOC_033.png,612,792
am_text,89,56,419,84,COMP_DOC_034.png,612,792
am_text,75,145,434,36,COMP_DOC_034.png,612,792
am_text,102,193,400,56,COMP_DOC_034.png,612,792
am_text,93,257,414,40,COMP_DOC_034.png,612,792
am_text,98,305,415,69,COMP_DOC_034.png,612,792
am_text,71,387,453,64,COMP_DOC_034.png,612,792
am_text,87,466,436,84,COMP_DOC_034.png,612,792
am_text,55,548,474,56,COMP_DOC_034.png,612,792
am_text,40,601,484,57,COMP_DOC_034.png,612,792
am_text,72,669,522,88,COMP_DOC_034.png,612,792
am_text,90,62,430,66,COMP_DOC_035.png,612,792
am_text,74,132,449,66,COMP_DOC_035.png,612,792
am_text,40,210,466,56,COMP_DOC_035.png,612,792
am_text,149,56,334,45,COMP_DOC_036.png,612,792
am_text,63,121,454,106,COMP_DOC_036.png,612,792
am_text,83,240,148,19,COMP_DOC_036.png,612,792
am_figure,87,271,422,140,COMP_DOC_036.png,612,792
am_caption,92,428,435,21,COMP_DOC_036.png,612,792
am_caption,67,465,454,68,COMP_DOC_036.png,612,792
am_text,37,547,493,205,COMP_DOC_036.png,612,792
am_text,97,61,414,123,COMP_DOC_037.png,612,792
am_text,83,196,428,66,COMP_DOC_037.png,612,792
am_text,100,274,405,110,COMP_DOC_037.png,612,792
am_text,101,400,440,100,COMP_DOC_037.png,612,792
am_text,101,517,426,135,COMP_DOC_037.png,612,792
am_text,76,665,480,88,COMP_DOC_037.png,612,792
am_caption,93,56,421,36,COMP_DOC_038.png,612,792
am_table,132,99,336,96,COMP_DOC_038.png,612,792
am_text,36,213,476,93,COMP_DOC_038.png,612,792
am_text,84,321,436,100,COMP_DOC_038.png,612,792
am_text,49,436,452,39,COMP_DOC_038.png,612,792
am_text,20,44,348,239,COMP_DOC_039.png,594,774
am_figure,0,1,589,771,COMP_DOC_040.png,594,774
am_text,231,77,293,516,COMP_DOC_041.png,594,774
am_figure,4,3,585,771,COMP_DOC_041.png,594,774
am_figure,24,103,570,299,COMP_DOC_042.png,594,774
am_figure,32,521,150,175,COMP_DOC_042.png,594,774
am_figure,206,504,161,193,COMP_DOC_042.png,594,774
am_figure,379,486,188,216,COMP_DOC_042.png,594,774
am_caption,91,704,75,25,COMP_DOC_042.png,594,774
am_caption,249,705,98,24,COMP_DOC_042.png,594,774
am_caption,430,704,114,39,COMP_DOC_042.png,594,774
am_text,253,76,270,199,COMP_DOC_043.png,594,774
am_text,246,289,263,126,COMP_DOC_043.png,594,774
am_text,246,428,250,66,COMP_DOC_043.png,594,774
am_figure,5,167,193,230,COMP_DOC_043.png,594,774
am_figure,36,495,194,192,COMP_DOC_043.png,594,774
am_figure,237,591,48,53,COMP_DOC_043.png,594,774
am_figure,279,511,175,178,COMP_DOC_043.png,594,774
am_figure,473,594,51,52,COMP_DOC_043.png,594,774
am_caption,100,702,140,41,COMP_DOC_043.png,594,774
am_caption,340,703,119,39,COMP_DOC_043.png,594,774
am_text,77,70,239,169,COMP_DOC_044.png,594,774
am_text,86,258,231,85,COMP_DOC_044.png,594,774
am_text,76,354,256,180,COMP_DOC_044.png,594,774
am_text,414,174,179,279,COMP_DOC_044.png,594,774
am_figure,6,124,302,468,COMP_DOC_045.png,594,774
am_caption,338,188,200,344,COMP_DOC_045.png,594,774
am_text,23,605,266,30,COMP_DOC_045.png,594,774
am_chart,80,180,514,407,COMP_DOC_046.png,594,774
am_text,267,150,203,29,COMP_DOC_046.png,594,774
am_text,24,363,47,19,COMP_DOC_046.png,594,774
am_text,333,591,77,25,COMP_DOC_046.png,594,774
am_text,251,80,226,190,COMP_DOC_047.png,594,774
am_text,263,293,230,160,COMP_DOC_047.png,594,774
am_text,60,357,103,34,COMP_DOC_047.png,594,774
am_text,69,75,279,162,COMP_DOC_048.png,594,774
am_text,85,254,245,118,COMP_DOC_048.png,594,774
am_text,70,386,272,136,COMP_DOC_048.png,594,774
am_chart,3,3,587,766,COMP_DOC_049.png,594,774
am_text,70,69,297,222,COMP_DOC_050.png,594,774
am_text,80,312,254,232,COMP_DOC_050.png,594,774
am_figure,0,1,594,773,COMP_DOC_051.png,594,774
am_text,67,72,247,165,COMP_DOC_052.png,594,774
am_text,80,254,245,133,COMP_DOC_052.png,594,774
am_text,86,400,242,90,COMP_DOC_052.png,594,774
am_figure,1,1,593,768,COMP_DOC_052.png,594,774
am_figure,222,1,369,773,COMP_DOC_053.png,594,774
am_figure,4,0,203,774,COMP_DOC_053.png,594,774
am_text,69,72,274,220,COMP_DOC_054.png,594,774
am_text,88,318,269,183,COMP_DOC_054.png,594,774
am_figure,1,1,593,773,COMP_DOC_054.png,594,774
am_figure,275,505,233,181,COMP_DOC_055.png,594,774
am_figure,3,5,586,768,COMP_DOC_055.png,594,774
am_text,79,72,261,184,COMP_DOC_056.png,594,774
am_text,75,283,253,123,COMP_DOC_056.png,594,774
am_text,83,417,246,142,COMP_DOC_056.png,594,774
am_figure,3,4,590,769,COMP_DOC_056.png,594,774
am_figure,37,505,225,178,COMP_DOC_057.png,594,774
am_figure,282,505,228,179,COMP_DOC_057.png,594,774
am_figure,4,1,587,771,COMP_DOC_057.png,594,774
am_text,91,72,330,230,COMP_DOC_058.png,594,774
am_figure,8,378,143,264,COMP_DOC_058.png,594,774
am_figure,180,365,121,256,COMP_DOC_058.png,594,774
am_figure,449,338,124,247,COMP_DOC_058.png,594,774
am_figure,9,285,572,369,COMP_DOC_059.png,594,774
am_figure,272,5,165,195,COMP_DOC_060.png,594,774
am_text,25,113,222,76,COMP_DOC_060.png,594,774
am_text,24,204,162,32,COMP_DOC_060.png,594,774
am_text,10,245,178,62,COMP_DOC_060.png,594,774
am_text,22,317,166,152,COMP_DOC_060.png,594,774
am_text,24,486,161,136,COMP_DOC_060.png,594,774
am_text,23,633,165,96,COMP_DOC_060.png,594,774
am_text,192,204,162,34,COMP_DOC_060.png,594,774
am_text,190,251,173,288,COMP_DOC_060.png,594,774
am_text,198,551,165,123,COMP_DOC_060.png,594,774
am_text,203,686,124,51,COMP_DOC_060.png,594,774
am_text,372,208,156,126,COMP_DOC_060.png,594,774
am_text,371,344,156,199,COMP_DOC_060.png,594,774
am_text,373,551,147,185,COMP_DOC_060.png,594,774
am_text,46,27,167,181,COMP_DOC_061.png,594,774
am_text,46,212,147,107,COMP_DOC_061.png,594,774
am_text,47,334,165,99,COMP_DOC_061.png,594,774
am_text,18,439,192,99,COMP_DOC_061.png,594,774
am_text,39,553,167,122,COMP_DOC_061.png,594,774
am_figure,230,22,164,180,COMP_DOC_061.png,594,774
am_caption,227,213,147,98,COMP_DOC_061.png,594,774
am_figure,223,324,164,165,COMP_DOC_061.png,594,774
am_caption,223,500,160,38,COMP_DOC_061.png,594,774
am_text,221,553,146,27,COMP_DOC_061.png,594,774
am_text,227,590,159,128,COMP_DOC_061.png,594,774
am_text,396,28,175,154,COMP_DOC_061.png,594,774
am_text,395,193,164,107,COMP_DOC_061.png,594,774
am_text,393,313,156,134,COMP_DOC_061.png,594,774
am_text,399,468,170,69,COMP_DOC_061.png,594,774
am_text,396,551,161,146,COMP_DOC_061.png,594,774
am_text,23,27,164,228,COMP_DOC_062.png,594,774
am_text,28,270,166,223,COMP_DOC_062.png,594,774
am_text,198,25,152,61,COMP_DOC_062.png,594,774
am_text,204,100,140,28,COMP_DOC_062.png,594,774
am_text,198,138,154,25,COMP_DOC_062.png,594,774
am_text,201,176,161,121,COMP_DOC_062.png,594,774
am_text,203,311,148,131,COMP_DOC_062.png,594,774
am_text,206,448,136,53,COMP_DOC_062.png,594,774
am_text,368,36,145,53,COMP_DOC_062.png,594,774
am_text,371,117,171,142,COMP_DOC_062.png,594,774
am_text,377,275,183,142,COMP_DOC_062.png,594,774
am_text,366,436,170,183,COMP_DOC_062.png,594,774
am_text,374,640,164,81,COMP_DOC_062.png,594,774
am_chart,25,511,331,202,COMP_DOC_062.png,594,774
am_figure,52,30,170,147,COMP_DOC_063.png,594,774
am_text,48,192,171,147,COMP_DOC_063.png,594,774
am_text,55,351,155,233,COMP_DOC_063.png,594,774
am_text,43,604,165,132,COMP_DOC_063.png,594,774
am_text,226,28,165,350,COMP_DOC_063.png,594,774
am_text,235,390,155,166,COMP_DOC_063.png,594,774
am_text,225,572,156,157,COMP_DOC_063.png,594,774
am_text,392,13,169,114,COMP_DOC_063.png,594,774
am_text,404,138,147,169,COMP_DOC_063.png,594,774
am_text,404,320,145,138,COMP_DOC_063.png,594,774
am_text,397,481,170,232,COMP_DOC_063.png,594,774
am_text,25,29,152,103,COMP_DOC_064.png,594,774
am_text,29,143,151,208,COMP_DOC_064.png,594,774
am_text,29,363,154,136,COMP_DOC_064.png,594,774
am_text,22,514,171,150,COMP_DOC_064.png,594,774
am_text,192,20,170,123,COMP_DOC_064.png,594,774
am_text,197,162,166,137,COMP_DOC_064.png,594,774
am_text,194,311,155,164,COMP_DOC_064.png,594,774
am_text,202,489,145,75,COMP_DOC_064.png,594,774
am_text,371,13,160,132,COMP_DOC_064.png,594,774
am_text,374,157,152,311,COMP_DOC_064.png,594,774
am_text,364,483,166,82,COMP_DOC_064.png,594,774
am_figure,207,581,326,141,COMP_DOC_064.png,594,774
am_text,57,29,155,60,COMP_DOC_065.png,594,774
am_text,36,103,164,20,COMP_DOC_065.png,594,774
am_text,47,137,169,112,COMP_DOC_065.png,594,774
am_text,41,263,166,69,COMP_DOC_065.png,594,774
am_text,27,343,193,183,COMP_DOC_065.png,594,774
am_text,32,538,188,180,COMP_DOC_065.png,594,774
am_text,223,27,150,90,COMP_DOC_065.png,594,774
am_text,231,128,156,141,COMP_DOC_065.png,594,774
am_text,227,280,148,110,COMP_DOC_065.png,594,774
am_text,235,402,150,225,COMP_DOC_065.png,594,774
am_text,235,640,148,93,COMP_DOC_065.png,594,774
am_text,388,27,175,122,COMP_DOC_065.png,594,774
am_text,396,159,157,117,COMP_DOC_065.png,594,774
am_text,397,288,164,142,COMP_DOC_065.png,594,774
am_text,397,445,162,124,COMP_DOC_065.png,594,774
am_figure,399,584,160,143,COMP_DOC_065.png,594,774
am_figure,38,34,494,216,COMP_DOC_066.png,594,774
am_text,18,266,166,126,COMP_DOC_066.png,594,774
am_text,25,402,160,86,COMP_DOC_066.png,594,774
am_text,199,264,159,306,COMP_DOC_066.png,594,774
am_text,371,261,166,114,COMP_DOC_066.png,594,774
am_text,367,391,161,94,COMP_DOC_066.png,594,774
am_chart,373,506,109,76,COMP_DOC_066.png,594,774
am_text,353,587,119,49,COMP_DOC_066.png,594,774
am_text,270,48,266,107,COMP_DOC_067.png,594,774
am_text,20,187,518,528,COMP_DOC_067.png,594,774
am_figure,228,15,131,102,COMP_DOC_068.png,594,774
am_text,94,118,425,22,COMP_DOC_068.png,594,774
am_text,27,150,513,334,COMP_DOC_068.png,594,774
am_chart,41,504,145,33,COMP_DOC_068.png,594,774
am_text,32,549,268,67,COMP_DOC_068.png,594,774
am_text,207,13,147,53,COMP_DOC_069.png,594,774
am_text,10,70,547,584,COMP_DOC_069.png,594,774
am_text,28,675,542,74,COMP_DOC_069.png,594,774
am_text,255,22,84,22,COMP_DOC_070.png,594,774
am_table,38,51,518,638,COMP_DOC_070.png,594,774
am_text,39,49,519,89,COMP_DOC_071.png,594,774
am_text,203,155,154,14,COMP_DOC_071.png,594,774
am_table,37,162,533,241,COMP_DOC_071.png,594,774
am_text,37,416,312,11,COMP_DOC_071.png,594,774
am_text,223,440,167,14,COMP_DOC_071.png,594,774
am_text,34,468,318,20,COMP_DOC_071.png,594,774
am_figure,46,499,118,117,COMP_DOC_071.png,594,774
am_figure,179,501,109,102,COMP_DOC_071.png,594,774
am_figure,303,502,112,105,COMP_DOC_071.png,594,774
am_figure,430,497,114,112,COMP_DOC_071.png,594,774
am_caption,55,618,102,65,COMP_DOC_071.png,594,774
am_caption,185,618,98,69,COMP_DOC_071.png,594,774
am_caption,319,614,90,67,COMP_DOC_071.png,594,774
am_caption,439,619,103,62,COMP_DOC_071.png,594,774
am_text,237,57,122,19,COMP_DOC_072.png,594,774
am_text,36,75,537,239,COMP_DOC_072.png,594,774
am_text,213,326,176,10,COMP_DOC_072.png,594,774
am_caption,81,351,184,24,COMP_DOC_072.png,594,774
am_caption,310,354,241,19,COMP_DOC_072.png,594,774
am_caption,37,568,269,49,COMP_DOC_072.png,594,774
am_chart,74,382,204,179,COMP_DOC_072.png,594,774
am_chart,315,387,255,178,COMP_DOC_072.png,594,774
am_text,39,629,312,29,COMP_DOC_072.png,594,774
am_text,22,33,533,129,COMP_DOC_073.png,594,774
am_text,27,178,538,55,COMP_DOC_073.png,594,774
am_table,27,246,549,293,COMP_DOC_073.png,594,774
am_text,27,552,253,27,COMP_DOC_073.png,594,774
am_text,28,25,368,37,COMP_DOC_074.png,594,774
am_table,29,71,525,195,COMP_DOC_074.png,594,774
am_caption,33,283,487,41,COMP_DOC_074.png,594,774
am_text,32,329,539,72,COMP_DOC_074.png,594,774
am_text,37,415,520,55,COMP_DOC_074.png,594,774
am_text,29,480,514,24,COMP_DOC_074.png,594,774
am_chart,24,527,156,107,COMP_DOC_074.png,594,774
am_chart,192,521,88,107,COMP_DOC_074.png,594,774
am_chart,316,516,88,110,COMP_DOC_074.png,594,774
am_chart,433,525,129,102,COMP_DOC_074.png,594,774
am_caption,41,637,142,32,COMP_DOC_074.png,594,774
am_caption,188,636,103,28,COMP_DOC_074.png,594,774
am_caption,320,636,75,33,COMP_DOC_074.png,594,774
am_caption,444,637,100,16,COMP_DOC_074.png,594,774
am_text,29,18,538,65,COMP_DOC_075.png,594,774
am_table,17,90,533,222,COMP_DOC_075.png,594,774
am_text,12,326,546,76,COMP_DOC_075.png,594,774
am_text,24,410,263,117,COMP_DOC_075.png,594,774
am_text,302,425,255,89,COMP_DOC_075.png,594,774
am_text,36,529,552,88,COMP_DOC_075.png,594,774
am_text,27,623,539,81,COMP_DOC_075.png,594,774
am_text,27,708,543,61,COMP_DOC_075.png,594,774
am_text,32,32,530,43,COMP_DOC_076.png,594,774
am_text,32,91,533,53,COMP_DOC_076.png,594,774
am_form,19,162,541,231,COMP_DOC_076.png,594,774
am_caption,24,407,563,57,COMP_DOC_076.png,594,774
am_text,19,472,566,77,COMP_DOC_076.png,594,774
am_text,19,553,530,89,COMP_DOC_076.png,594,774
am_text,6,19,562,66,COMP_DOC_077.png,594,774
am_chart,51,112,457,377,COMP_DOC_077.png,594,774
am_text,188,89,230,88,COMP_DOC_078.png,594,774
am_figure,242,19,98,66,COMP_DOC_078.png,594,774
am_text,42,180,513,24,COMP_DOC_078.png,594,774
am_text,38,226,524,48,COMP_DOC_078.png,594,774
am_text,19,272,541,104,COMP_DOC_078.png,594,774
am_text,41,388,516,53,COMP_DOC_078.png,594,774
am_text,20,449,565,24,COMP_DOC_078.png,594,774
am_text,36,482,539,42,COMP_DOC_078.png,594,774
am_text,29,528,534,119,COMP_DOC_078.png,594,774
am_text,19,659,575,113,COMP_DOC_078.png,594,774
am_text,22,28,533,36,COMP_DOC_079.png,594,774
am_text,34,71,533,33,COMP_DOC_079.png,594,774
am_text,32,113,547,25,COMP_DOC_079.png,594,774
am_text,37,146,524,49,COMP_DOC_079.png,594,774
am_text,5,199,553,118,COMP_DOC_079.png,594,774
am_caption,22,324,344,13,COMP_DOC_079.png,594,774
am_text,24,346,534,66,COMP_DOC_079.png,594,774
am_text,15,424,529,109,COMP_DOC_079.png,594,774
am_text,24,544,544,36,COMP_DOC_079.png,594,774
am_text,15,29,549,41,COMP_DOC_080.png,594,774
am_table,18,79,548,162,COMP_DOC_080.png,594,774
am_caption,17,253,567,80,COMP_DOC_080.png,594,774
am_text,31,339,537,37,COMP_DOC_080.png,594,774
am_text,25,391,537,75,COMP_DOC_080.png,594,774
am_text,31,471,532,33,COMP_DOC_080.png,594,774
am_text,25,516,561,41,COMP_DOC_080.png,594,774
am_text,34,575,538,36,COMP_DOC_080.png,594,774
am_text,32,622,547,39,COMP_DOC_080.png,594,774
am_text,33,675,502,72,COMP_DOC_080.png,594,774
am_text,38,29,525,23,COMP_DOC_081.png,594,774
am_text,18,58,542,61,COMP_DOC_081.png,594,774
am_text,32,127,533,134,COMP_DOC_081.png,594,774
am_text,14,270,543,129,COMP_DOC_081.png,594,774
am_text,20,407,543,124,COMP_DOC_081.png,594,774
am_text,217,27,175,22,COMP_DOC_082.png,594,774
am_text,27,48,527,80,COMP_DOC_082.png,594,774
am_text,39,173,520,85,COMP_DOC_082.png,594,774
am_text,24,136,551,29,COMP_DOC_082.png,594,774
am_text,23,263,518,51,COMP_DOC_082.png,594,774
am_table,20,367,539,299,COMP_DOC_082.png,594,774
am_text,33,327,393,37,COMP_DOC_082.png,594,774
am_caption,25,678,478,96,COMP_DOC_082.png,594,774
am_text,31,29,547,122,COMP_DOC_083.png,594,774
am_text,25,154,269,143,COMP_DOC_083.png,594,774
am_text,306,152,269,142,COMP_DOC_083.png,594,774
am_text,15,310,579,161,COMP_DOC_083.png,594,774
am_text,20,473,562,58,COMP_DOC_083.png,594,774
am_text,32,32,546,23,COMP_DOC_084.png,594,774
am_text,169,67,405,43,COMP_DOC_084.png,594,774
am_text,164,113,398,33,COMP_DOC_084.png,594,774
am_text,170,157,371,29,COMP_DOC_084.png,594,774
am_text,174,204,379,66,COMP_DOC_084.png,594,774
am_text,179,282,371,24,COMP_DOC_084.png,594,774
am_text,168,318,406,32,COMP_DOC_084.png,594,774
am_text,180,362,383,44,COMP_DOC_084.png,594,774
am_text,173,424,401,38,COMP_DOC_084.png,594,774
am_text,173,475,421,38,COMP_DOC_084.png,594,774
am_text,72,74,94,32,COMP_DOC_084.png,594,774
am_text,79,117,58,24,COMP_DOC_084.png,594,774
am_text,84,157,82,36,COMP_DOC_084.png,594,774
am_text,77,214,77,39,COMP_DOC_084.png,594,774
am_text,74,275,89,39,COMP_DOC_084.png,594,774
am_text,83,318,76,41,COMP_DOC_084.png,594,774
am_text,86,376,76,41,COMP_DOC_084.png,594,774
am_text,76,429,88,24,COMP_DOC_084.png,594,774
am_text,72,472,63,25,COMP_DOC_084.png,594,774
am_chart,32,70,38,36,COMP_DOC_084.png,594,774
am_chart,19,115,61,34,COMP_DOC_084.png,594,774
am_chart,31,154,48,32,COMP_DOC_084.png,594,774
am_chart,13,216,63,38,COMP_DOC_084.png,594,774
am_chart,14,280,63,29,COMP_DOC_084.png,594,774
am_chart,8,321,61,22,COMP_DOC_084.png,594,774
am_chart,23,362,55,43,COMP_DOC_084.png,594,774
am_chart,20,425,49,30,COMP_DOC_084.png,594,774
am_chart,31,469,47,25,COMP_DOC_084.png,594,774
am_text,33,28,539,36,COMP_DOC_085.png,594,774
am_text,187,70,218,13,COMP_DOC_085.png,594,774
am_table,18,84,553,220,COMP_DOC_085.png,594,774
am_text,33,317,532,74,COMP_DOC_085.png,594,774
am_text,20,401,548,131,COMP_DOC_085.png,594,774
am_text,24,29,543,51,COMP_DOC_086.png,594,774
am_text,273,91,279,151,COMP_DOC_086.png,594,774
am_text,264,246,291,61,COMP_DOC_086.png,594,774
am_text,267,371,298,110,COMP_DOC_086.png,594,774
am_text,268,487,303,58,COMP_DOC_086.png,594,774
am_figure,25,91,104,126,COMP_DOC_086.png,594,774
am_figure,42,382,89,114,COMP_DOC_086.png,594,774
am_chart,105,236,28,18,COMP_DOC_086.png,594,774
am_chart,86,255,49,22,COMP_DOC_086.png,594,774
am_chart,97,296,34,15,COMP_DOC_086.png,594,774
am_chart,95,313,36,25,COMP_DOC_086.png,594,774
am_chart,105,354,25,10,COMP_DOC_086.png,594,774
am_text,142,376,122,148,COMP_DOC_086.png,594,774
am_text,136,86,124,133,COMP_DOC_086.png,594,774
am_text,145,235,109,13,COMP_DOC_086.png,594,774
am_text,152,260,76,19,COMP_DOC_086.png,594,774
am_text,135,291,108,16,COMP_DOC_086.png,594,774
am_text,138,313,121,25,COMP_DOC_086.png,594,774
am_text,143,340,129,22,COMP_DOC_086.png,594,774
am_text,135,535,110,18,COMP_DOC_086.png,594,774
am_text,135,556,123,22,COMP_DOC_086.png,594,774
am_text,137,581,136,16,COMP_DOC_086.png,594,774
am_text,138,603,138,30,COMP_DOC_086.png,594,774
am_text,74,519,58,37,COMP_DOC_086.png,594,774
am_text,95,562,4,6,COMP_DOC_086.png,594,774
am_text,93,587,38,15,COMP_DOC_086.png,594,774
am_text,76,607,55,34,COMP_DOC_086.png,594,774
am_text,64,558,71,19,COMP_DOC_086.png,594,774
am_figure,34,38,98,110,COMP_DOC_087.png,594,774
am_figure,34,345,102,113,COMP_DOC_087.png,594,774
am_text,269,24,292,307,COMP_DOC_087.png,594,774
am_text,267,343,306,166,COMP_DOC_087.png,594,774
am_text,141,23,113,167,COMP_DOC_087.png,594,774
am_text,137,195,113,8,COMP_DOC_087.png,594,774
am_text,132,214,121,24,COMP_DOC_087.png,594,774
am_text,140,247,90,15,COMP_DOC_087.png,594,774
am_text,142,331,126,157,COMP_DOC_087.png,594,774
am_text,142,497,117,16,COMP_DOC_087.png,594,774
am_text,143,527,98,13,COMP_DOC_087.png,594,774
am_text,146,548,89,16,COMP_DOC_087.png,594,774
am_text,145,577,124,14,COMP_DOC_087.png,594,774
am_text,137,628,58,16,COMP_DOC_087.png,594,774
am_text,147,595,134,22,COMP_DOC_087.png,594,774
am_chart,102,483,34,30,COMP_DOC_087.png,594,774
am_chart,98,525,32,10,COMP_DOC_087.png,594,774
am_chart,84,551,58,19,COMP_DOC_087.png,594,774
am_chart,85,571,53,19,COMP_DOC_087.png,594,774
am_chart,85,604,44,13,COMP_DOC_087.png,594,774
am_chart,66,627,61,14,COMP_DOC_087.png,594,774
am_chart,98,185,42,28,COMP_DOC_087.png,594,774
am_chart,97,214,41,24,COMP_DOC_087.png,594,774
am_chart,75,240,57,32,COMP_DOC_087.png,594,774
am_text,268,33,284,30,COMP_DOC_088.png,594,774
am_text,274,79,283,43,COMP_DOC_088.png,594,774
am_text,274,128,283,84,COMP_DOC_088.png,594,774
am_text,275,217,280,47,COMP_DOC_088.png,594,774
am_text,273,266,303,55,COMP_DOC_088.png,594,774
am_text,268,407,294,198,COMP_DOC_088.png,594,774
am_text,268,610,316,58,COMP_DOC_088.png,594,774
am_text,140,24,124,126,COMP_DOC_088.png,594,774
am_text,141,151,107,30,COMP_DOC_088.png,594,774
am_text,135,178,108,18,COMP_DOC_088.png,594,774
am_text,136,202,100,28,COMP_DOC_088.png,594,774
am_text,138,236,103,19,COMP_DOC_088.png,594,774
am_text,143,263,114,20,COMP_DOC_088.png,594,774
am_text,142,289,126,19,COMP_DOC_088.png,594,774
am_text,132,312,121,18,COMP_DOC_088.png,594,774
am_text,141,339,121,19,COMP_DOC_088.png,594,774
am_text,138,368,60,16,COMP_DOC_088.png,594,774
am_text,133,409,127,157,COMP_DOC_088.png,594,774
am_text,143,570,102,27,COMP_DOC_088.png,594,774
am_text,141,596,98,25,COMP_DOC_088.png,594,774
am_text,140,619,100,29,COMP_DOC_088.png,594,774
am_text,136,646,124,29,COMP_DOC_088.png,594,774
am_text,137,675,124,27,COMP_DOC_088.png,594,774
am_text,138,707,61,15,COMP_DOC_088.png,594,774
am_figure,36,32,100,113,COMP_DOC_088.png,594,774
am_figure,43,410,86,109,COMP_DOC_088.png,594,774
am_chart,100,148,27,28,COMP_DOC_088.png,594,774
am_chart,99,185,37,15,COMP_DOC_088.png,594,774
am_chart,95,200,36,34,COMP_DOC_088.png,594,774
am_chart,94,235,47,16,COMP_DOC_088.png,594,774
am_chart,77,253,65,28,COMP_DOC_088.png,594,774
am_chart,102,285,43,22,COMP_DOC_088.png,594,774
am_chart,95,311,42,24,COMP_DOC_088.png,594,774
am_chart,89,335,48,25,COMP_DOC_088.png,594,774
am_chart,100,359,41,28,COMP_DOC_088.png,594,774
am_chart,91,571,39,28,COMP_DOC_088.png,594,774
am_chart,102,598,33,29,COMP_DOC_088.png,594,774
am_chart,103,627,36,25,COMP_DOC_088.png,594,774
am_chart,99,651,33,33,COMP_DOC_088.png,594,774
am_chart,99,674,41,22,COMP_DOC_088.png,594,774
am_chart,102,690,36,39,COMP_DOC_088.png,594,774
am_text,274,18,288,197,COMP_DOC_089.png,594,774
am_text,269,220,282,77,COMP_DOC_089.png,594,774
am_text,265,381,289,143,COMP_DOC_089.png,594,774
am_text,267,529,284,52,COMP_DOC_089.png,594,774
am_text,133,18,133,138,COMP_DOC_089.png,594,774
am_text,135,157,107,28,COMP_DOC_089.png,594,774
am_text,142,192,96,20,COMP_DOC_089.png,594,774
am_text,142,214,94,24,COMP_DOC_089.png,594,774
am_text,132,242,109,27,COMP_DOC_089.png,594,774
am_text,131,270,127,25,COMP_DOC_089.png,594,774
am_text,141,302,127,19,COMP_DOC_089.png,594,774
am_text,133,326,129,28,COMP_DOC_089.png,594,774
am_text,32,358,365,19,COMP_DOC_089.png,594,774
am_text,142,382,98,141,COMP_DOC_089.png,594,774
am_text,143,527,86,28,COMP_DOC_089.png,594,774
am_text,133,558,88,28,COMP_DOC_089.png,594,774
am_text,145,585,81,20,COMP_DOC_089.png,594,774
am_text,127,610,136,22,COMP_DOC_089.png,594,774
am_text,123,638,127,23,COMP_DOC_089.png,594,774
am_text,135,666,117,33,COMP_DOC_089.png,594,774
am_text,141,694,56,30,COMP_DOC_089.png,594,774
am_figure,38,33,93,118,COMP_DOC_089.png,594,774
am_chart,91,155,38,29,COMP_DOC_089.png,594,774
am_chart,99,184,37,29,COMP_DOC_089.png,594,774
am_chart,93,209,44,30,COMP_DOC_089.png,594,774
am_chart,93,237,41,32,COMP_DOC_089.png,594,774
am_chart,98,264,37,29,COMP_DOC_089.png,594,774
am_chart,103,321,32,28,COMP_DOC_089.png,594,774
am_chart,93,294,48,28,COMP_DOC_089.png,594,774
am_figure,42,388,98,104,COMP_DOC_089.png,594,774
am_chart,98,528,37,29,COMP_DOC_089.png,594,774
am_chart,102,551,30,30,COMP_DOC_089.png,594,774
am_chart,88,580,47,25,COMP_DOC_089.png,594,774
am_chart,102,608,41,33,COMP_DOC_089.png,594,774
am_chart,95,637,32,25,COMP_DOC_089.png,594,774
am_chart,93,662,33,25,COMP_DOC_089.png,594,774
am_chart,102,685,33,37,COMP_DOC_089.png,594,774
am_text,268,28,278,152,COMP_DOC_090.png,594,774
am_text,255,181,312,42,COMP_DOC_090.png,594,774
am_text,267,344,288,181,COMP_DOC_090.png,594,774
am_text,273,528,285,77,COMP_DOC_090.png,594,774
am_text,141,25,121,138,COMP_DOC_090.png,594,774
am_text,131,174,117,25,COMP_DOC_090.png,594,774
am_text,137,200,114,33,COMP_DOC_090.png,594,774
am_text,133,236,127,25,COMP_DOC_090.png,594,774
am_text,137,265,118,22,COMP_DOC_090.png,594,774
am_text,142,292,108,41,COMP_DOC_090.png,594,774
am_text,141,336,109,155,COMP_DOC_090.png,594,774
am_text,140,492,109,28,COMP_DOC_090.png,594,774
am_text,135,524,114,27,COMP_DOC_090.png,594,774
am_text,130,553,128,30,COMP_DOC_090.png,594,774
am_text,132,582,134,23,COMP_DOC_090.png,594,774
am_text,141,608,133,28,COMP_DOC_090.png,594,774
am_figure,38,13,100,138,COMP_DOC_090.png,594,774
am_figure,41,340,96,121,COMP_DOC_090.png,594,774
am_chart,97,169,38,24,COMP_DOC_090.png,594,774
am_chart,89,198,44,23,COMP_DOC_090.png,594,774
am_chart,104,223,37,38,COMP_DOC_090.png,594,774
am_chart,94,256,51,38,COMP_DOC_090.png,594,774
am_chart,95,294,58,29,COMP_DOC_090.png,594,774
am_chart,99,497,41,24,COMP_DOC_090.png,594,774
am_chart,97,527,38,27,COMP_DOC_090.png,594,774
am_chart,98,552,30,24,COMP_DOC_090.png,594,774
am_chart,95,576,38,32,COMP_DOC_090.png,594,774
am_chart,89,612,48,24,COMP_DOC_090.png,594,774
am_text,273,25,282,174,COMP_DOC_091.png,594,774
am_text,265,203,287,51,COMP_DOC_091.png,594,774
am_text,268,443,302,118,COMP_DOC_091.png,594,774
am_text,264,566,315,69,COMP_DOC_091.png,594,774
am_text,137,30,132,152,COMP_DOC_091.png,594,774
am_text,136,185,108,29,COMP_DOC_091.png,594,774
am_text,138,240,103,25,COMP_DOC_091.png,594,774
am_text,133,266,123,32,COMP_DOC_091.png,594,774
am_text,140,293,117,37,COMP_DOC_091.png,594,774
am_text,137,331,124,27,COMP_DOC_091.png,594,774
am_text,136,358,115,32,COMP_DOC_091.png,594,774
am_text,135,390,96,18,COMP_DOC_091.png,594,774
am_text,133,436,123,151,COMP_DOC_091.png,594,774
am_text,132,593,98,18,COMP_DOC_091.png,594,774
am_text,130,618,94,24,COMP_DOC_091.png,594,774
am_text,132,642,105,27,COMP_DOC_091.png,594,774
am_text,136,671,112,32,COMP_DOC_091.png,594,774
am_figure,43,36,89,113,COMP_DOC_091.png,594,774
am_figure,37,449,95,114,COMP_DOC_091.png,594,774
am_text,27,416,225,16,COMP_DOC_091.png,594,774
am_chart,104,179,32,34,COMP_DOC_091.png,594,774
am_chart,94,212,38,23,COMP_DOC_091.png,594,774
am_chart,98,237,42,29,COMP_DOC_091.png,594,774
am_chart,84,266,47,25,COMP_DOC_091.png,594,774
am_chart,98,294,32,32,COMP_DOC_091.png,594,774
am_chart,99,325,39,34,COMP_DOC_091.png,594,774
am_chart,104,354,37,25,COMP_DOC_091.png,594,774
am_chart,95,383,37,22,COMP_DOC_091.png,594,774
am_chart,105,589,24,20,COMP_DOC_091.png,594,774
am_chart,102,612,27,19,COMP_DOC_091.png,594,774
am_chart,91,633,38,29,COMP_DOC_091.png,594,774
am_chart,91,664,44,37,COMP_DOC_091.png,594,774
am_text,127,22,357,22,COMP_DOC_092.png,594,774
am_text,34,51,530,49,COMP_DOC_092.png,594,774
am_text,42,113,519,48,COMP_DOC_092.png,594,774
am_text,24,173,549,57,COMP_DOC_092.png,594,774
am_text,31,239,561,91,COMP_DOC_092.png,594,774
am_text,28,336,548,136,COMP_DOC_092.png,594,774
am_text,24,478,547,42,COMP_DOC_092.png,594,774
am_text,31,518,543,93,COMP_DOC_092.png,594,774
am_text,41,612,553,43,COMP_DOC_092.png,594,774
am_text,27,659,544,90,COMP_DOC_092.png,594,774
am_text,31,22,524,57,COMP_DOC_093.png,594,774
am_text,31,81,532,27,COMP_DOC_093.png,594,774
am_form,44,121,475,216,COMP_DOC_093.png,594,774
am_text,17,346,557,38,COMP_DOC_093.png,594,774
am_text,10,391,561,53,COMP_DOC_093.png,594,774
am_text,36,29,505,38,COMP_DOC_094.png,594,774
am_text,27,71,538,65,COMP_DOC_094.png,594,774
am_form,22,141,521,416,COMP_DOC_094.png,594,774
am_form,31,27,521,294,COMP_DOC_095.png,594,774
am_form,25,349,521,298,COMP_DOC_095.png,594,774
am_form,20,103,533,453,COMP_DOC_096.png,594,774
am_text,9,25,525,76,COMP_DOC_096.png,594,774
am_text,24,565,525,96,COMP_DOC_096.png,594,774
am_text,15,672,534,66,COMP_DOC_096.png,594,774
am_text,38,28,520,60,COMP_DOC_097.png,594,774
am_text,29,98,528,67,COMP_DOC_097.png,594,774
am_text,36,171,524,51,COMP_DOC_097.png,594,774
am_text,34,233,513,129,COMP_DOC_097.png,594,774
am_text,27,367,535,79,COMP_DOC_097.png,594,774
am_text,31,447,528,75,COMP_DOC_097.png,594,774
am_text,38,525,525,43,COMP_DOC_097.png,594,774
am_text,23,576,562,94,COMP_DOC_097.png,594,774
am_text,24,674,520,60,COMP_DOC_097.png,594,774
am_text,31,28,530,43,COMP_DOC_098.png,594,774
am_text,32,76,511,100,COMP_DOC_098.png,594,774
am_text,34,178,521,44,COMP_DOC_098.png,594,774
am_text,33,230,520,66,COMP_DOC_098.png,594,774
am_text,29,302,530,81,COMP_DOC_098.png,594,774
am_text,33,392,469,95,COMP_DOC_098.png,594,774
am_text,37,496,524,41,COMP_DOC_098.png,594,774
am_text,36,539,535,77,COMP_DOC_098.png,594,774
am_text,17,622,577,65,COMP_DOC_098.png,594,774
am_text,36,30,534,51,COMP_DOC_099.png,594,774
am_text,32,86,542,107,COMP_DOC_099.png,594,774
am_text,32,200,534,58,COMP_DOC_099.png,594,774
am_text,28,261,527,58,COMP_DOC_099.png,594,774
am_text,32,327,520,95,COMP_DOC_099.png,594,774
am_text,38,433,530,157,COMP_DOC_099.png,594,774
am_text,38,591,525,63,COMP_DOC_099.png,594,774
am_text,31,650,563,30,COMP_DOC_099.png,594,774
am_text,19,686,547,65,COMP_DOC_099.png,594,774
am_text,32,27,543,71,COMP_DOC_100.png,594,774
am_text,19,104,554,81,COMP_DOC_100.png,594,774
am_text,20,43,539,122,COMP_DOC_101.png,594,774
am_text,37,166,532,49,COMP_DOC_101.png,594,774
am_text,22,221,534,56,COMP_DOC_101.png,594,774
am_text,8,280,558,80,COMP_DOC_101.png,594,774
am_text,25,368,530,99,COMP_DOC_101.png,594,774
am_text,32,475,516,61,COMP_DOC_101.png,594,774
am_text,24,532,543,93,COMP_DOC_101.png,594,774
am_text,34,626,527,69,COMP_DOC_101.png,594,774
am_text,17,694,565,29,COMP_DOC_101.png,594,774
am_text,25,28,537,56,COMP_DOC_102.png,594,774
am_text,27,91,533,41,COMP_DOC_102.png,594,774
am_text,24,134,541,27,COMP_DOC_102.png,594,774
am_text,24,165,543,39,COMP_DOC_102.png,594,774
am_text,24,213,570,37,COMP_DOC_102.png,594,774
am_text,36,255,518,185,COMP_DOC_102.png,594,774
am_text,33,447,533,28,COMP_DOC_102.png,594,774
am_text,24,477,570,25,COMP_DOC_102.png,594,774
am_text,31,508,530,49,COMP_DOC_102.png,594,774
am_text,23,562,558,25,COMP_DOC_102.png,594,774
am_text,36,590,541,93,COMP_DOC_102.png,594,774
am_text,15,683,565,60,COMP_DOC_102.png,594,774
am_text,36,27,519,71,COMP_DOC_103.png,594,774
am_text,27,104,529,55,COMP_DOC_103.png,594,774
am_text,27,166,530,38,COMP_DOC_103.png,594,774
am_text,29,209,544,85,COMP_DOC_103.png,594,774
am_text,31,302,513,24,COMP_DOC_103.png,594,774
am_text,27,326,529,70,COMP_DOC_103.png,594,774
am_text,32,405,521,38,COMP_DOC_103.png,594,774
am_text,27,447,530,107,COMP_DOC_103.png,594,774
am_text,33,563,529,53,COMP_DOC_103.png,594,774
am_text,25,623,541,36,COMP_DOC_103.png,594,774
am_text,12,664,542,27,COMP_DOC_103.png,594,774
am_text,24,690,541,53,COMP_DOC_103.png,594,774
am_text,34,28,537,60,COMP_DOC_104.png,594,774
am_text,36,94,530,42,COMP_DOC_104.png,594,774
am_table,61,146,468,37,COMP_DOC_104.png,594,774
am_caption,36,199,542,34,COMP_DOC_104.png,594,774
am_text,25,242,535,27,COMP_DOC_104.png,594,774
am_text,32,272,523,66,COMP_DOC_104.png,594,774
am_text,23,341,534,75,COMP_DOC_104.png,594,774
am_text,29,421,529,89,COMP_DOC_104.png,594,774
am_table,17,528,544,203,COMP_DOC_104.png,594,774
am_caption,28,16,542,147,COMP_DOC_105.png,594,774
am_caption,32,169,551,29,COMP_DOC_105.png,594,774
am_table,108,206,178,136,COMP_DOC_105.png,594,774
am_table,311,204,174,140,COMP_DOC_105.png,594,774
am_caption,12,346,513,62,COMP_DOC_105.png,594,774
am_text,33,28,509,90,COMP_DOC_106.png,594,774
am_text,36,124,519,70,COMP_DOC_106.png,594,774
am_text,23,197,565,57,COMP_DOC_106.png,594,774
am_text,32,258,544,24,COMP_DOC_106.png,594,774
am_text,34,291,541,69,COMP_DOC_106.png,594,774
am_text,25,362,554,30,COMP_DOC_106.png,594,774
am_text,19,395,542,41,COMP_DOC_106.png,594,774
am_text,32,25,547,77,COMP_DOC_107.png,594,774
am_text,39,113,518,77,COMP_DOC_107.png,594,774
am_table,37,194,548,423,COMP_DOC_107.png,594,774
am_text,42,626,523,113,COMP_DOC_107.png,594,774
am_text,41,27,510,24,COMP_DOC_108.png,594,774
am_text,15,53,551,23,COMP_DOC_108.png,594,774
am_text,20,77,547,38,COMP_DOC_108.png,594,774
am_text,32,115,538,11,COMP_DOC_108.png,594,774
am_text,29,129,535,23,COMP_DOC_108.png,594,774
am_text,28,154,551,55,COMP_DOC_108.png,594,774
am_text,32,217,547,25,COMP_DOC_108.png,594,774
am_text,25,245,543,38,COMP_DOC_108.png,594,774
am_text,25,283,415,11,COMP_DOC_108.png,594,774
am_text,28,297,424,11,COMP_DOC_108.png,594,774
am_text,31,310,560,44,COMP_DOC_108.png,594,774
am_text,9,357,562,44,COMP_DOC_108.png,594,774
am_text,25,401,539,22,COMP_DOC_108.png,594,774
am_text,20,424,419,15,COMP_DOC_108.png,594,774
am_text,34,440,544,29,COMP_DOC_108.png,594,774
am_text,20,473,263,13,COMP_DOC_108.png,594,774
am_text,34,487,530,36,COMP_DOC_108.png,594,774
am_text,19,529,542,29,COMP_DOC_108.png,594,774
am_text,15,557,548,32,COMP_DOC_108.png,594,774
am_text,146,25,298,14,COMP_DOC_109.png,594,774
am_text,27,52,525,62,COMP_DOC_109.png,594,774
am_text,22,131,539,58,COMP_DOC_109.png,594,774
am_text,33,198,521,56,COMP_DOC_109.png,594,774
am_text,32,259,516,98,COMP_DOC_109.png,594,774
am_text,27,55,534,42,COMP_DOC_110.png,594,774
am_text,231,22,133,24,COMP_DOC_110.png,594,774
am_text,41,193,96,32,COMP_DOC_110.png,594,774
am_text,161,192,69,43,COMP_DOC_110.png,594,774
am_text,261,189,66,38,COMP_DOC_110.png,594,774
am_text,350,195,82,34,COMP_DOC_110.png,594,774
am_text,458,187,79,46,COMP_DOC_110.png,594,774
am_text,31,261,511,60,COMP_DOC_110.png,594,774
am_text,34,239,232,14,COMP_DOC_110.png,594,774
am_text,32,327,504,95,COMP_DOC_110.png,594,774
am_text,31,633,551,100,COMP_DOC_110.png,594,774
am_figure,461,108,93,71,COMP_DOC_110.png,594,774
am_figure,344,108,89,80,COMP_DOC_110.png,594,774
am_figure,50,100,75,84,COMP_DOC_110.png,594,774
am_figure,141,100,77,91,COMP_DOC_110.png,594,774
am_figure,237,100,99,89,COMP_DOC_110.png,594,774
am_table,41,425,542,132,COMP_DOC_110.png,594,774
am_caption,14,562,548,62,COMP_DOC_110.png,594,774
am_text,31,25,563,29,COMP_DOC_111.png,594,774
am_table,33,61,528,60,COMP_DOC_111.png,594,774
am_caption,29,134,524,34,COMP_DOC_111.png,594,774
am_text,27,174,551,43,COMP_DOC_111.png,594,774
am_text,27,226,549,220,COMP_DOC_111.png,594,774
am_text,43,452,313,15,COMP_DOC_111.png,594,774
am_text,43,468,254,254,COMP_DOC_111.png,594,774
am_text,298,468,253,265,COMP_DOC_111.png,594,774
am_text,33,24,501,41,COMP_DOC_112.png,594,774
am_chart,20,70,574,91,COMP_DOC_112.png,594,774
am_caption,38,166,362,10,COMP_DOC_112.png,594,774
am_text,38,181,537,169,COMP_DOC_112.png,594,774
am_text,25,355,548,134,COMP_DOC_112.png,594,774
am_text,22,490,544,67,COMP_DOC_112.png,594,774
am_table,29,574,523,113,COMP_DOC_112.png,594,774
am_text,29,690,548,33,COMP_DOC_112.png,594,774
am_text,32,24,547,32,COMP_DOC_113.png,594,774
am_text,37,58,520,41,COMP_DOC_113.png,594,774
am_table,38,103,556,67,COMP_DOC_113.png,594,774
am_text,34,179,535,67,COMP_DOC_113.png,594,774
am_text,36,249,519,239,COMP_DOC_113.png,594,774
am_text,37,491,528,121,COMP_DOC_113.png,594,774
am_text,27,618,533,72,COMP_DOC_113.png,594,774
am_text,31,692,551,48,COMP_DOC_113.png,594,774
am_text,31,30,534,179,COMP_DOC_114.png,594,774
am_text,33,212,527,88,COMP_DOC_114.png,594,774
am_text,25,305,529,88,COMP_DOC_114.png,594,774
am_text,24,396,541,61,COMP_DOC_114.png,594,774
am_text,29,29,469,30,COMP_DOC_115.png,594,774
am_table,29,70,524,307,COMP_DOC_115.png,594,774
am_caption,38,386,529,49,COMP_DOC_115.png,594,774
am_text,33,447,547,34,COMP_DOC_115.png,594,774
am_text,33,486,533,85,COMP_DOC_115.png,594,774
am_text,34,576,549,102,COMP_DOC_115.png,594,774
am_text,27,683,553,57,COMP_DOC_115.png,594,774
am_text,38,27,539,48,COMP_DOC_116.png,594,774
am_text,31,79,523,65,COMP_DOC_116.png,594,774
am_text,22,148,518,23,COMP_DOC_116.png,594,774
am_text,31,181,486,200,COMP_DOC_116.png,594,774
am_form,29,391,537,340,COMP_DOC_116.png,594,774
am_text,34,28,537,112,COMP_DOC_117.png,594,774
am_text,27,154,537,117,COMP_DOC_117.png,594,774
am_text,28,273,521,88,COMP_DOC_117.png,594,774
am_form,23,364,556,100,COMP_DOC_117.png,594,774
am_text,36,471,519,165,COMP_DOC_117.png,594,774
am_text,31,640,521,51,COMP_DOC_117.png,594,774
am_text,29,698,527,33,COMP_DOC_117.png,594,774
am_text,34,28,529,30,COMP_DOC_118.png,594,774
am_text,25,60,562,121,COMP_DOC_118.png,594,774
am_table,34,192,544,190,COMP_DOC_118.png,594,774
am_table,28,406,534,211,COMP_DOC_118.png,594,774
am_table,32,28,523,218,COMP_DOC_119.png,594,774
am_table,42,272,534,225,COMP_DOC_119.png,594,774
am_table,32,504,534,225,COMP_DOC_119.png,594,774
am_text,36,25,327,20,COMP_DOC_120.png,594,774
am_text,37,47,557,74,COMP_DOC_120.png,594,774
am_text,34,126,530,53,COMP_DOC_120.png,594,774
am_text,29,188,551,69,COMP_DOC_120.png,594,774
am_text,36,264,530,91,COMP_DOC_120.png,594,774
am_text,29,363,546,121,COMP_DOC_120.png,594,774
am_text,29,487,541,99,COMP_DOC_120.png,594,774
am_text,27,594,539,71,COMP_DOC_120.png,594,774
am_text,25,671,533,70,COMP_DOC_120.png,594,774
am_text,29,25,529,80,COMP_DOC_121.png,594,774
am_text,33,105,525,37,COMP_DOC_121.png,594,774
am_text,41,146,553,43,COMP_DOC_121.png,594,774
am_text,41,188,482,39,COMP_DOC_121.png,594,774
am_table,31,225,525,108,COMP_DOC_121.png,594,774
am_table,37,344,518,123,COMP_DOC_121.png,594,774
am_text,23,471,534,43,COMP_DOC_121.png,594,774
am_text,8,331,557,23,COMP_DOC_121.png,594,774
am_text,32,30,529,90,COMP_DOC_122.png,594,774
am_text,32,124,530,37,COMP_DOC_122.png,594,774
am_text,25,166,532,253,COMP_DOC_122.png,594,774
am_text,29,25,546,49,COMP_DOC_123.png,594,774
am_table,32,84,549,241,COMP_DOC_123.png,594,774
am_caption,43,331,551,51,COMP_DOC_123.png,594,774
am_text,41,384,514,18,COMP_DOC_123.png,594,774
am_table,23,406,541,75,COMP_DOC_123.png,594,774
am_text,6,483,543,90,COMP_DOC_123.png,594,774
am_text,25,27,541,79,COMP_DOC_124.png,594,774
am_table,24,109,558,294,COMP_DOC_124.png,594,774
am_text,27,416,546,107,COMP_DOC_124.png,594,774
am_text,28,25,533,41,COMP_DOC_125.png,594,774
am_table,44,69,523,553,COMP_DOC_125.png,594,774
am_text,28,626,532,104,COMP_DOC_125.png,594,774
am_text,42,28,523,212,COMP_DOC_126.png,594,774
am_text,18,255,546,37,COMP_DOC_126.png,594,774
am_table,32,297,521,100,COMP_DOC_126.png,594,774
am_text,34,410,534,90,COMP_DOC_126.png,594,774
am_text,20,509,544,37,COMP_DOC_126.png,594,774
am_text,28,549,544,103,COMP_DOC_126.png,594,774
am_text,36,32,533,94,COMP_DOC_127.png,594,774
am_table,34,131,529,75,COMP_DOC_127.png,594,774
am_text,25,213,534,72,COMP_DOC_127.png,594,774
am_table,44,303,510,108,COMP_DOC_127.png,594,774
am_text,6,284,410,20,COMP_DOC_127.png,594,774
am_text,34,416,360,15,COMP_DOC_127.png,594,774
am_text,51,436,514,100,COMP_DOC_127.png,594,774
am_caption,41,546,524,23,COMP_DOC_127.png,594,774
am_text,32,571,525,58,COMP_DOC_127.png,594,774
am_text,24,631,532,91,COMP_DOC_127.png,594,774
am_text,37,25,528,42,COMP_DOC_128.png,594,774
am_text,33,74,547,57,COMP_DOC_128.png,594,774
am_text,42,138,535,61,COMP_DOC_128.png,594,774
am_text,37,202,525,34,COMP_DOC_128.png,594,774
am_caption,33,244,519,38,COMP_DOC_128.png,594,774
am_table,15,284,549,126,COMP_DOC_128.png,594,774
am_text,19,414,549,63,COMP_DOC_128.png,594,774
am_table,29,483,548,91,COMP_DOC_128.png,594,774
am_text,42,576,528,108,COMP_DOC_128.png,594,774
am_text,20,684,561,38,COMP_DOC_128.png,594,774
am_text,6,27,538,33,COMP_DOC_129.png,594,774
am_text,70,60,501,24,COMP_DOC_129.png,594,774
am_table,47,93,547,85,COMP_DOC_129.png,594,774
am_caption,43,180,551,109,COMP_DOC_129.png,594,774
am_text,42,296,529,80,COMP_DOC_129.png,594,774
am_text,33,378,529,44,COMP_DOC_129.png,594,774
am_table,33,426,529,62,COMP_DOC_129.png,594,774
am_text,34,492,491,27,COMP_DOC_129.png,594,774
am_text,33,29,549,75,COMP_DOC_130.png,594,774
am_chart,65,113,483,272,COMP_DOC_130.png,594,774
am_chart,5,402,548,280,COMP_DOC_130.png,594,774
am_text,15,689,570,58,COMP_DOC_130.png,594,774
am_text,32,28,561,62,COMP_DOC_131.png,594,774
am_text,24,94,542,52,COMP_DOC_131.png,594,774
am_text,25,154,547,33,COMP_DOC_131.png,594,774
am_text,10,194,459,34,COMP_DOC_131.png,594,774
am_text,36,27,528,16,COMP_DOC_132.png,594,774
am_text,37,47,538,79,COMP_DOC_132.png,594,774
am_text,41,138,523,89,COMP_DOC_132.png,594,774
am_text,34,235,538,42,COMP_DOC_132.png,594,774
am_text,20,280,534,51,COMP_DOC_132.png,594,774
am_text,39,29,530,44,COMP_DOC_133.png,594,774
am_table,29,82,532,90,COMP_DOC_133.png,594,774
am_caption,24,181,548,70,COMP_DOC_133.png,594,774
am_text,33,256,525,38,COMP_DOC_133.png,594,774
am_text,23,297,532,114,COMP_DOC_133.png,594,774
am_text,31,27,538,70,COMP_DOC_134.png,594,774
am_text,37,102,548,61,COMP_DOC_134.png,594,774
am_text,29,167,537,119,COMP_DOC_134.png,594,774
am_text,29,293,537,47,COMP_DOC_134.png,594,774
am_text,37,344,535,80,COMP_DOC_134.png,594,774
am_text,32,433,537,77,COMP_DOC_134.png,594,774
am_text,23,514,561,30,COMP_DOC_134.png,594,774
am_text,19,544,530,52,COMP_DOC_134.png,594,774
am_text,39,30,555,84,COMP_DOC_135.png,594,774
am_text,18,128,574,38,COMP_DOC_135.png,594,774
am_text,20,167,562,43,COMP_DOC_135.png,594,774
am_figure,188,207,230,70,COMP_DOC_135.png,594,774
am_text,38,284,556,61,COMP_DOC_135.png,594,774
am_text,31,349,532,57,COMP_DOC_135.png,594,774
am_text,32,411,543,43,COMP_DOC_135.png,594,774
am_text,17,462,548,22,COMP_DOC_135.png,594,774
am_text,223,496,166,57,COMP_DOC_135.png,594,774
am_text,38,28,513,70,COMP_DOC_136.png,594,774
am_text,34,104,524,47,COMP_DOC_136.png,594,774
am_table,20,155,546,100,COMP_DOC_136.png,594,774
am_text,20,273,542,37,COMP_DOC_136.png,594,774
am_text,28,315,532,113,COMP_DOC_136.png,594,774
am_text,20,433,539,37,COMP_DOC_136.png,594,774
am_text,14,473,543,29,COMP_DOC_136.png,594,774
am_text,31,500,396,25,COMP_DOC_136.png,594,774
am_text,29,27,532,67,COMP_DOC_137.png,594,774
am_table,33,100,535,105,COMP_DOC_137.png,594,774
am_text,14,212,551,94,COMP_DOC_137.png,594,774
am_text,31,312,558,74,COMP_DOC_137.png,594,774
am_text,19,393,556,129,COMP_DOC_137.png,594,774
am_text,29,532,538,44,COMP_DOC_137.png,594,774
am_text,303,577,180,23,COMP_DOC_137.png,594,774
am_figure,321,614,143,27,COMP_DOC_137.png,594,774
am_text,308,648,113,51,COMP_DOC_137.png,594,774
am_text,25,688,114,39,COMP_DOC_137.png,594,774
am_text,33,30,541,63,COMP_DOC_138.png,594,774
am_text,10,100,565,41,COMP_DOC_138.png,594,774
am_text,174,3,230,38,COMP_DOC_139.png,594,774
am_text,18,42,560,84,COMP_DOC_139.png,594,774
am_figure,244,140,114,53,COMP_DOC_139.png,594,774
am_text,33,200,246,107,COMP_DOC_139.png,594,774
am_text,387,185,104,122,COMP_DOC_139.png,594,774
am_text,166,193,261,38,COMP_DOC_139.png,594,774
am_form,6,318,588,381,COMP_DOC_139.png,594,774
am_text,10,46,556,449,COMP_DOC_140.png,594,774
am_text,218,8,161,44,COMP_DOC_140.png,594,774
am_text,39,20,523,72,COMP_DOC_141.png,594,774
am_text,51,103,357,95,COMP_DOC_141.png,594,774
am_text,33,200,463,16,COMP_DOC_141.png,594,774
am_text,28,220,535,65,COMP_DOC_141.png,594,774
am_text,29,291,563,167,COMP_DOC_141.png,594,774
am_text,37,466,439,20,COMP_DOC_141.png,594,774
am_text,37,487,535,69,COMP_DOC_141.png,594,774
am_text,37,549,221,33,COMP_DOC_141.png,594,774
am_text,32,25,67,25,COMP_DOC_142.png,594,774
am_text,33,67,556,65,COMP_DOC_142.png,594,774
am_text,37,133,532,69,COMP_DOC_142.png,594,774
am_text,34,206,528,39,COMP_DOC_142.png,594,774
am_text,14,249,563,105,COMP_DOC_142.png,594,774
am_text,37,357,538,84,COMP_DOC_142.png,594,774
am_text,12,443,563,164,COMP_DOC_142.png,594,774
am_text,39,613,528,44,COMP_DOC_142.png,594,774
am_text,32,659,542,71,COMP_DOC_142.png,594,774
am_text,29,25,534,65,COMP_DOC_143.png,594,774
am_text,28,94,546,55,COMP_DOC_143.png,594,774
am_text,42,152,520,47,COMP_DOC_143.png,594,774
am_text,18,208,576,24,COMP_DOC_143.png,594,774
am_text,29,241,246,32,COMP_DOC_143.png,594,774
am_text,34,278,518,44,COMP_DOC_143.png,594,774
am_text,29,326,565,56,COMP_DOC_143.png,594,774
am_text,18,386,558,56,COMP_DOC_143.png,594,774
am_text,31,447,518,74,COMP_DOC_143.png,594,774
am_text,25,527,527,49,COMP_DOC_143.png,594,774
am_text,36,582,527,67,COMP_DOC_143.png,594,774
am_text,25,656,525,70,COMP_DOC_143.png,594,774
am_text,36,24,541,66,COMP_DOC_144.png,594,774
am_text,32,96,534,29,COMP_DOC_144.png,594,774
am_text,36,136,538,30,COMP_DOC_144.png,594,774
am_text,28,175,544,36,COMP_DOC_144.png,594,774
am_text,33,217,541,65,COMP_DOC_144.png,594,774
am_text,25,287,529,100,COMP_DOC_144.png,594,774
am_text,31,395,521,38,COMP_DOC_144.png,594,774
am_text,22,438,537,79,COMP_DOC_144.png,594,774
am_text,36,519,525,53,COMP_DOC_144.png,594,774
am_text,34,579,530,57,COMP_DOC_144.png,594,774
am_text,37,641,527,82,COMP_DOC_144.png,594,774
am_text,34,27,532,93,COMP_DOC_145.png,594,774
am_text,38,124,546,46,COMP_DOC_145.png,594,774
am_text,36,179,378,27,COMP_DOC_145.png,594,774
am_text,36,213,516,129,COMP_DOC_145.png,594,774
am_text,32,350,544,148,COMP_DOC_145.png,594,774
am_text,29,505,530,156,COMP_DOC_145.png,594,774
am_text,22,665,562,93,COMP_DOC_145.png,594,774
am_text,36,25,516,51,COMP_DOC_146.png,594,774
am_text,29,84,506,48,COMP_DOC_146.png,594,774
am_text,42,136,523,81,COMP_DOC_146.png,594,774
am_text,33,223,524,113,COMP_DOC_146.png,594,774
am_text,19,338,554,88,COMP_DOC_146.png,594,774
am_text,25,428,569,46,COMP_DOC_146.png,594,774
am_text,36,486,535,127,COMP_DOC_146.png,594,774
am_text,50,618,510,86,COMP_DOC_146.png,594,774
am_text,36,29,548,128,COMP_DOC_147.png,594,774
am_text,34,162,544,66,COMP_DOC_147.png,594,774
am_text,36,235,530,233,COMP_DOC_147.png,594,774
am_text,6,478,549,254,COMP_DOC_147.png,594,774
am_text,38,30,532,41,COMP_DOC_148.png,594,774
am_text,43,71,520,47,COMP_DOC_148.png,594,774
am_text,34,115,529,33,COMP_DOC_148.png,594,774
am_text,36,150,544,74,COMP_DOC_148.png,594,774
am_text,29,232,565,77,COMP_DOC_148.png,594,774
am_text,42,317,519,42,COMP_DOC_148.png,594,774
am_text,36,372,541,105,COMP_DOC_148.png,594,774
am_text,27,489,548,77,COMP_DOC_148.png,594,774
am_text,32,575,539,58,COMP_DOC_148.png,594,774
am_text,24,636,539,44,COMP_DOC_148.png,594,774
am_text,31,683,563,42,COMP_DOC_148.png,594,774
am_text,17,29,561,49,COMP_DOC_149.png,594,774
am_text,33,85,529,71,COMP_DOC_149.png,594,774
am_text,29,160,539,38,COMP_DOC_149.png,594,774
am_text,31,204,563,66,COMP_DOC_149.png,594,774
am_text,29,278,548,28,COMP_DOC_149.png,594,774
am_text,37,311,537,79,COMP_DOC_149.png,594,774
am_text,22,397,541,114,COMP_DOC_149.png,594,774
am_text,24,519,553,53,COMP_DOC_149.png,594,774
am_text,20,582,534,28,COMP_DOC_149.png,594,774
am_text,24,615,554,43,COMP_DOC_149.png,594,774
am_text,28,667,541,79,COMP_DOC_149.png,594,774
am_text,29,20,553,39,COMP_DOC_150.png,594,774
am_text,31,65,533,36,COMP_DOC_150.png,594,774
am_text,25,109,547,36,COMP_DOC_150.png,594,774
am_text,24,147,523,188,COMP_DOC_150.png,594,774
am_text,27,339,539,30,COMP_DOC_150.png,594,774
am_text,36,373,529,56,COMP_DOC_150.png,594,774
am_text,28,429,535,30,COMP_DOC_150.png,594,774
am_table,27,504,556,84,COMP_DOC_150.png,594,774
am_table,9,467,568,30,COMP_DOC_150.png,594,774
am_text,23,604,527,61,COMP_DOC_150.png,594,774
am_text,18,669,576,70,COMP_DOC_150.png,594,774
am_text,20,27,542,119,COMP_DOC_151.png,594,774
am_text,28,152,565,82,COMP_DOC_151.png,594,774
am_text,23,245,525,72,COMP_DOC_151.png,594,774
am_text,27,318,539,93,COMP_DOC_151.png,594,774
am_text,28,419,537,67,COMP_DOC_151.png,594,774
am_text,22,491,513,74,COMP_DOC_151.png,594,774
am_text,13,575,548,109,COMP_DOC_151.png,594,774
am_text,6,692,308,47,COMP_DOC_151.png,594,774
am_text,50,23,518,256,COMP_DOC_152.png,594,774
am_text,33,285,546,284,COMP_DOC_152.png,594,774
am_text,27,603,567,65,COMP_DOC_152.png,594,774
am_text,18,584,110,13,COMP_DOC_152.png,594,774
am_text,36,669,504,76,COMP_DOC_152.png,594,774
am_text,53,24,528,183,COMP_DOC_153.png,594,774
am_text,39,212,520,91,COMP_DOC_153.png,594,774
am_text,38,310,537,113,COMP_DOC_153.png,594,774
am_text,34,426,560,178,COMP_DOC_153.png,594,774
am_text,25,619,539,84,COMP_DOC_153.png,594,774
am_text,34,709,523,37,COMP_DOC_153.png,594,774
am_text,32,28,535,121,COMP_DOC_154.png,594,774
am_text,28,156,547,332,COMP_DOC_154.png,594,774
am_text,37,500,527,119,COMP_DOC_154.png,594,774
am_text,39,628,523,114,COMP_DOC_154.png,594,774
am_text,31,27,543,103,COMP_DOC_155.png,594,774
am_text,34,133,537,62,COMP_DOC_155.png,594,774
am_text,32,200,551,91,COMP_DOC_155.png,594,774
am_text,34,293,528,133,COMP_DOC_155.png,594,774
am_text,33,434,534,112,COMP_DOC_155.png,594,774
am_text,42,551,527,56,COMP_DOC_155.png,594,774
am_text,33,613,546,127,COMP_DOC_155.png,594,774
am_text,33,27,542,51,COMP_DOC_156.png,594,774
am_text,27,82,533,65,COMP_DOC_156.png,594,774
am_text,32,157,549,32,COMP_DOC_156.png,594,774
am_text,36,194,529,444,COMP_DOC_156.png,594,774
am_text,37,645,524,119,COMP_DOC_156.png,594,774
am_text,39,24,532,214,COMP_DOC_157.png,594,774
am_text,37,244,541,108,COMP_DOC_157.png,594,774
am_text,13,364,552,392,COMP_DOC_157.png,594,774
am_text,34,29,532,47,COMP_DOC_158.png,594,774
am_text,33,84,528,75,COMP_DOC_158.png,594,774
am_text,34,169,539,190,COMP_DOC_158.png,594,774
am_text,27,367,546,71,COMP_DOC_158.png,594,774
am_text,34,445,537,34,COMP_DOC_158.png,594,774
am_text,29,489,537,253,COMP_DOC_158.png,594,774
am_text,34,27,532,61,COMP_DOC_159.png,594,774
am_text,33,93,544,121,COMP_DOC_159.png,594,774
am_text,34,222,534,206,COMP_DOC_159.png,594,774
am_text,33,439,521,302,COMP_DOC_159.png,594,774
am_text,37,24,518,113,COMP_DOC_160.png,594,774
am_text,34,150,542,76,COMP_DOC_160.png,594,774
am_text,39,235,519,150,COMP_DOC_160.png,594,774
am_text,28,386,551,89,COMP_DOC_160.png,594,774
am_text,32,480,561,62,COMP_DOC_160.png,594,774
am_text,36,547,525,33,COMP_DOC_160.png,594,774
am_text,22,587,556,154,COMP_DOC_160.png,594,774
am_text,36,28,547,154,COMP_DOC_161.png,594,774
am_text,31,189,542,289,COMP_DOC_161.png,594,774
am_text,37,483,528,58,COMP_DOC_161.png,594,774
am_text,33,547,546,203,COMP_DOC_161.png,594,774
am_text,31,25,541,65,COMP_DOC_162.png,594,774
am_text,32,93,562,127,COMP_DOC_162.png,594,774
am_text,29,227,523,127,COMP_DOC_162.png,594,774
am_text,28,358,534,70,COMP_DOC_162.png,594,774
am_text,23,434,562,206,COMP_DOC_162.png,594,774
am_text,24,643,548,103,COMP_DOC_162.png,594,774
am_text,28,29,566,371,COMP_DOC_163.png,594,774
am_text,28,406,542,110,COMP_DOC_163.png,594,774
am_text,33,524,525,48,COMP_DOC_163.png,594,774
am_text,25,576,528,39,COMP_DOC_163.png,594,774
am_text,37,617,533,67,COMP_DOC_163.png,594,774
am_text,18,692,543,57,COMP_DOC_163.png,594,774
am_text,37,24,525,150,COMP_DOC_164.png,594,774
am_text,38,181,530,56,COMP_DOC_164.png,594,774
am_text,38,241,524,134,COMP_DOC_164.png,594,774
am_text,36,383,529,112,COMP_DOC_164.png,594,774
am_text,36,499,528,86,COMP_DOC_164.png,594,774
am_text,32,594,538,147,COMP_DOC_164.png,594,774
am_text,32,29,541,23,COMP_DOC_165.png,594,774
am_text,31,58,547,123,COMP_DOC_165.png,594,774
am_text,28,188,528,301,COMP_DOC_165.png,594,774
am_text,34,502,534,76,COMP_DOC_165.png,594,774
am_text,39,585,514,33,COMP_DOC_165.png,594,774
am_text,38,624,528,115,COMP_DOC_165.png,594,774
am_text,33,30,525,58,COMP_DOC_166.png,594,774
am_text,38,95,532,255,COMP_DOC_166.png,594,774
am_text,33,358,534,93,COMP_DOC_166.png,594,774
am_text,36,459,533,89,COMP_DOC_166.png,594,774
am_text,34,556,523,98,COMP_DOC_166.png,594,774
am_text,33,659,548,77,COMP_DOC_166.png,594,774
am_text,37,19,519,61,COMP_DOC_167.png,594,774
am_text,32,85,527,173,COMP_DOC_167.png,594,774
am_text,36,263,516,102,COMP_DOC_167.png,594,774
am_text,36,369,532,244,COMP_DOC_167.png,594,774
am_text,28,615,538,107,COMP_DOC_167.png,594,774
am_text,41,32,516,90,COMP_DOC_168.png,594,774
am_text,27,126,567,80,COMP_DOC_168.png,594,774
am_text,27,216,553,108,COMP_DOC_168.png,594,774
am_text,36,334,513,109,COMP_DOC_168.png,594,774
am_text,38,452,535,117,COMP_DOC_168.png,594,774
am_text,32,571,554,74,COMP_DOC_168.png,594,774
am_text,29,655,533,57,COMP_DOC_168.png,594,774
am_text,18,714,553,36,COMP_DOC_168.png,594,774
am_text,29,24,547,30,COMP_DOC_169.png,594,774
am_text,31,61,553,148,COMP_DOC_169.png,594,774
am_text,28,221,542,137,COMP_DOC_169.png,594,774
am_text,31,368,527,47,COMP_DOC_169.png,594,774
am_text,27,420,548,66,COMP_DOC_169.png,594,774
am_text,32,492,523,20,COMP_DOC_169.png,594,774
am_text,32,524,530,82,COMP_DOC_169.png,594,774
am_text,36,612,544,72,COMP_DOC_169.png,594,774
am_text,39,689,513,42,COMP_DOC_169.png,594,774
am_text,32,30,549,107,COMP_DOC_170.png,594,774
am_text,27,148,556,39,COMP_DOC_170.png,594,774
am_text,31,195,217,33,COMP_DOC_170.png,594,774
am_text,38,235,541,98,COMP_DOC_170.png,594,774
am_text,34,336,554,60,COMP_DOC_170.png,594,774
am_text,25,402,535,60,COMP_DOC_170.png,594,774
am_text,34,466,538,39,COMP_DOC_170.png,594,774
am_text,29,510,532,9,COMP_DOC_170.png,594,774
am_table,33,529,561,133,COMP_DOC_170.png,594,774
am_caption,34,665,560,23,COMP_DOC_170.png,594,774
am_text,32,693,520,53,COMP_DOC_170.png,594,774
am_text,36,23,527,46,COMP_DOC_171.png,594,774
am_text,37,72,557,80,COMP_DOC_171.png,594,774
am_chart,18,157,574,332,COMP_DOC_171.png,594,774
am_table,17,518,557,67,COMP_DOC_171.png,594,774
am_text,13,584,137,29,COMP_DOC_171.png,594,774
am_text,18,492,249,29,COMP_DOC_171.png,594,774
am_text,36,22,549,72,COMP_DOC_172.png,594,774
am_text,20,103,556,77,COMP_DOC_172.png,594,774
am_text,38,188,523,30,COMP_DOC_172.png,594,774
am_text,36,222,524,28,COMP_DOC_172.png,594,774
am_text,28,253,535,155,COMP_DOC_172.png,594,774
am_text,32,416,547,60,COMP_DOC_172.png,594,774
am_text,31,481,537,151,COMP_DOC_172.png,594,774
am_text,18,634,547,79,COMP_DOC_172.png,594,774
am_text,37,29,539,52,COMP_DOC_173.png,594,774
am_text,24,88,544,23,COMP_DOC_173.png,594,774
am_text,33,119,541,89,COMP_DOC_173.png,594,774
am_text,32,211,541,88,COMP_DOC_173.png,594,774
am_text,31,307,551,79,COMP_DOC_173.png,594,774
am_text,36,393,534,47,COMP_DOC_173.png,594,774
am_text,32,445,533,85,COMP_DOC_173.png,594,774
am_text,22,535,560,129,COMP_DOC_173.png,594,774
am_text,36,30,124,10,COMP_DOC_174.png,594,774
am_table,34,51,552,138,COMP_DOC_174.png,594,774
am_text,38,199,530,43,COMP_DOC_174.png,594,774
am_text,34,250,510,200,COMP_DOC_174.png,594,774
am_text,39,456,547,114,COMP_DOC_174.png,594,774
am_text,38,579,525,65,COMP_DOC_174.png,594,774
am_text,32,652,535,44,COMP_DOC_174.png,594,774
am_text,36,705,554,62,COMP_DOC_174.png,594,774
am_text,33,25,529,29,COMP_DOC_175.png,594,774
am_text,36,63,535,105,COMP_DOC_175.png,594,774
am_text,33,179,542,70,COMP_DOC_175.png,594,774
am_text,41,254,527,82,COMP_DOC_175.png,594,774
am_text,32,340,530,88,COMP_DOC_175.png,594,774
am_text,33,436,528,24,COMP_DOC_175.png,594,774
am_text,37,471,519,103,COMP_DOC_175.png,594,774
am_text,27,579,530,57,COMP_DOC_175.png,594,774
am_text,31,642,537,43,COMP_DOC_175.png,594,774
am_text,34,30,534,114,COMP_DOC_176.png,594,774
am_text,39,151,543,55,COMP_DOC_176.png,594,774
am_text,39,209,524,69,COMP_DOC_176.png,594,774
am_text,38,282,524,74,COMP_DOC_176.png,594,774
am_text,36,359,518,65,COMP_DOC_176.png,594,774
am_text,31,429,527,82,COMP_DOC_176.png,594,774
am_text,31,514,518,80,COMP_DOC_176.png,594,774
am_text,29,25,537,29,COMP_DOC_177.png,594,774
am_table,10,60,581,565,COMP_DOC_177.png,594,774
am_text,31,629,534,34,COMP_DOC_177.png,594,774
am_text,41,669,525,28,COMP_DOC_177.png,594,774
am_text,8,702,586,32,COMP_DOC_177.png,594,774
am_text,34,24,528,30,COMP_DOC_178.png,594,774
am_text,33,61,535,48,COMP_DOC_178.png,594,774
am_text,29,113,541,27,COMP_DOC_178.png,594,774
am_text,36,146,530,27,COMP_DOC_178.png,594,774
am_text,33,178,547,33,COMP_DOC_178.png,594,774
am_text,28,213,390,20,COMP_DOC_178.png,594,774
am_text,29,244,458,20,COMP_DOC_178.png,594,774
am_text,41,266,543,74,COMP_DOC_178.png,594,774
am_text,34,349,527,33,COMP_DOC_178.png,594,774
am_text,32,387,542,52,COMP_DOC_178.png,594,774
am_table,27,466,553,181,COMP_DOC_178.png,594,774
am_text,18,447,133,13,COMP_DOC_178.png,594,774
am_text,32,651,530,30,COMP_DOC_178.png,594,774
am_text,20,692,544,49,COMP_DOC_178.png,594,774
am_text,36,27,137,24,COMP_DOC_179.png,594,774
am_table,39,46,530,122,COMP_DOC_179.png,594,774
am_text,33,171,544,27,COMP_DOC_179.png,594,774
am_text,37,202,476,18,COMP_DOC_179.png,594,774
am_text,36,222,539,60,COMP_DOC_179.png,594,774
am_text,33,285,534,55,COMP_DOC_179.png,594,774
am_text,38,346,529,53,COMP_DOC_179.png,594,774
am_text,34,403,521,44,COMP_DOC_179.png,594,774
am_text,42,449,523,38,COMP_DOC_179.png,594,774
am_text,27,492,539,77,COMP_DOC_179.png,594,774
am_text,33,575,535,41,COMP_DOC_179.png,594,774
am_text,34,28,160,24,COMP_DOC_180.png,594,774
am_table,41,52,534,183,COMP_DOC_180.png,594,774
am_text,34,246,544,30,COMP_DOC_180.png,594,774
am_text,36,275,558,38,COMP_DOC_180.png,594,774
am_text,33,316,530,32,COMP_DOC_180.png,594,774
am_text,28,350,533,24,COMP_DOC_180.png,594,774
am_text,34,381,544,81,COMP_DOC_180.png,594,774
am_text,33,468,556,60,COMP_DOC_180.png,594,774
am_text,36,533,534,39,COMP_DOC_180.png,594,774
am_text,27,576,551,47,COMP_DOC_180.png,594,774
am_text,37,627,401,32,COMP_DOC_180.png,594,774
am_text,29,664,565,34,COMP_DOC_180.png,594,774
am_text,32,704,547,39,COMP_DOC_180.png,594,774
am_text,27,25,529,49,COMP_DOC_181.png,594,774
am_text,36,81,529,28,COMP_DOC_181.png,594,774
am_text,41,115,438,32,COMP_DOC_181.png,594,774
am_table,27,152,567,154,COMP_DOC_181.png,594,774
am_text,36,316,508,25,COMP_DOC_181.png,594,774
am_text,31,346,562,24,COMP_DOC_181.png,594,774
am_text,33,378,561,49,COMP_DOC_181.png,594,774
am_text,31,434,539,62,COMP_DOC_181.png,594,774
am_text,37,504,527,34,COMP_DOC_181.png,594,774
am_text,28,544,552,46,COMP_DOC_181.png,594,774
am_text,39,594,548,72,COMP_DOC_181.png,594,774
am_text,37,674,543,42,COMP_DOC_181.png,594,774
am_text,42,713,535,39,COMP_DOC_181.png,594,774
am_text,32,20,535,38,COMP_DOC_182.png,594,774
am_text,27,66,544,69,COMP_DOC_182.png,594,774
am_text,39,141,533,60,COMP_DOC_182.png,594,774
am_text,36,204,558,46,COMP_DOC_182.png,594,774
am_text,33,255,533,60,COMP_DOC_182.png,594,774
am_text,31,318,533,25,COMP_DOC_182.png,594,774
am_text,23,351,543,41,COMP_DOC_182.png,594,774
am_text,31,402,542,33,COMP_DOC_182.png,594,774
am_text,24,447,535,93,COMP_DOC_182.png,594,774
am_text,32,547,562,95,COMP_DOC_182.png,594,774
am_text,28,648,558,34,COMP_DOC_182.png,594,774
am_text,17,686,567,57,COMP_DOC_182.png,594,774
am_text,36,29,558,38,COMP_DOC_183.png,594,774
am_text,33,72,560,107,COMP_DOC_183.png,594,774
am_text,37,181,533,55,COMP_DOC_183.png,594,774
am_text,37,247,379,39,COMP_DOC_183.png,594,774
am_text,36,292,533,58,COMP_DOC_183.png,594,774
am_text,29,353,565,62,COMP_DOC_183.png,594,774
am_text,29,421,563,38,COMP_DOC_183.png,594,774
am_text,17,468,552,55,COMP_DOC_183.png,594,774
am_text,25,528,565,47,COMP_DOC_183.png,594,774
am_text,34,584,547,41,COMP_DOC_183.png,594,774
am_text,28,632,542,100,COMP_DOC_183.png,594,774
am_text,33,22,549,62,COMP_DOC_184.png,594,774
am_text,33,91,541,85,COMP_DOC_184.png,594,774
am_text,41,184,521,42,COMP_DOC_184.png,594,774
am_text,37,231,518,67,COMP_DOC_184.png,594,774
am_text,32,306,527,69,COMP_DOC_184.png,594,774
am_text,27,98,532,287,COMP_DOC_185.png,594,774
am_text,19,34,287,57,COMP_DOC_185.png,594,774
am_text,37,19,452,37,COMP_DOC_186.png,594,774
am_text,36,67,535,98,COMP_DOC_186.png,594,774
am_text,33,170,528,71,COMP_DOC_186.png,594,774
am_text,25,247,544,107,COMP_DOC_186.png,594,774
am_text,38,358,542,47,COMP_DOC_186.png,594,774
am_text,33,414,525,112,COMP_DOC_186.png,594,774
am_text,38,529,556,128,COMP_DOC_186.png,594,774
am_text,20,665,574,48,COMP_DOC_186.png,594,774
am_text,37,29,541,99,COMP_DOC_187.png,594,774
am_text,38,133,504,15,COMP_DOC_187.png,594,774
am_text,42,156,539,75,COMP_DOC_187.png,594,774
am_text,28,237,538,70,COMP_DOC_187.png,594,774
am_text,36,310,519,127,COMP_DOC_187.png,594,774
am_text,12,459,261,70,COMP_DOC_187.png,594,774
am_table,33,70,521,396,COMP_DOC_188.png,594,774
am_text,203,22,190,51,COMP_DOC_188.png,594,774
am_text,168,15,275,46,COMP_DOC_189.png,594,774
am_table,24,62,558,335,COMP_DOC_189.png,594,774
am_text,198,25,199,39,COMP_DOC_190.png,594,774
am_table,33,65,521,604,COMP_DOC_190.png,594,774
am_text,262,10,249,34,COMP_DOC_191.png,774,594
am_table,21,45,745,405,COMP_DOC_191.png,774,594
am_text,204,3,194,65,COMP_DOC_192.png,594,774
am_table,29,63,524,655,COMP_DOC_192.png,594,774
am_text,185,3,223,43,COMP_DOC_193.png,594,774
am_text,29,69,381,18,COMP_DOC_193.png,594,774
am_text,36,94,558,60,COMP_DOC_193.png,594,774
am_text,31,161,518,38,COMP_DOC_193.png,594,774
am_text,41,208,518,39,COMP_DOC_193.png,594,774
am_text,41,259,547,96,COMP_DOC_193.png,594,774
am_text,42,368,530,66,COMP_DOC_193.png,594,774
am_text,36,439,551,98,COMP_DOC_193.png,594,774
am_text,28,543,546,71,COMP_DOC_193.png,594,774
am_text,28,623,542,42,COMP_DOC_193.png,594,774
am_text,38,676,544,60,COMP_DOC_193.png,594,774
am_text,42,62,501,75,COMP_DOC_194.png,594,774
am_text,189,6,232,42,COMP_DOC_194.png,594,774
am_text,36,146,553,82,COMP_DOC_194.png,594,774
am_text,42,232,518,69,COMP_DOC_194.png,594,774
am_text,36,307,527,63,COMP_DOC_194.png,594,774
am_text,38,378,534,48,COMP_DOC_194.png,594,774
am_text,41,433,374,18,COMP_DOC_194.png,594,774
am_text,42,457,542,72,COMP_DOC_194.png,594,774
am_text,28,534,527,134,COMP_DOC_194.png,594,774
am_text,27,675,538,72,COMP_DOC_194.png,594,774
am_text,184,6,222,41,COMP_DOC_195.png,594,774
am_text,29,56,565,63,COMP_DOC_195.png,594,774
am_text,36,127,534,82,COMP_DOC_195.png,594,774
am_text,33,217,541,69,COMP_DOC_195.png,594,774
am_text,36,293,539,91,COMP_DOC_195.png,594,774
am_text,33,391,542,47,COMP_DOC_195.png,594,774
am_text,42,443,546,36,COMP_DOC_195.png,594,774
am_text,24,487,537,57,COMP_DOC_195.png,594,774
am_text,32,551,539,67,COMP_DOC_195.png,594,774
am_text,36,622,521,65,COMP_DOC_195.png,594,774
am_text,32,692,525,60,COMP_DOC_195.png,594,774
am_text,184,8,228,41,COMP_DOC_196.png,594,774
am_text,34,56,537,32,COMP_DOC_196.png,594,774
am_text,38,93,510,157,COMP_DOC_196.png,594,774
am_text,34,258,518,93,COMP_DOC_196.png,594,774
am_text,22,359,571,136,COMP_DOC_196.png,594,774
am_text,31,505,549,88,COMP_DOC_196.png,594,774
am_text,38,595,527,61,COMP_DOC_196.png,594,774
am_text,36,661,551,56,COMP_DOC_196.png,594,774
am_text,32,728,473,22,COMP_DOC_196.png,594,774
am_text,188,5,223,43,COMP_DOC_197.png,594,774
am_text,34,56,524,56,COMP_DOC_197.png,594,774
am_text,29,114,544,24,COMP_DOC_197.png,594,774
am_text,31,147,533,58,COMP_DOC_197.png,594,774
am_text,36,206,527,79,COMP_DOC_197.png,594,774
am_text,37,288,534,114,COMP_DOC_197.png,594,774
am_text,32,410,529,131,COMP_DOC_197.png,594,774
am_text,34,546,502,20,COMP_DOC_197.png,594,774
am_text,32,572,539,117,COMP_DOC_197.png,594,774
am_text,27,694,537,43,COMP_DOC_197.png,594,774
am_text,185,3,280,42,COMP_DOC_198.png,594,774
am_text,31,57,527,81,COMP_DOC_198.png,594,774
am_text,33,147,532,71,COMP_DOC_198.png,594,774
am_text,31,225,563,80,COMP_DOC_198.png,594,774
am_text,29,313,549,44,COMP_DOC_198.png,594,774
am_text,39,362,555,15,COMP_DOC_198.png,594,774
am_table,37,379,534,206,COMP_DOC_198.png,594,774
am_text,34,594,535,27,COMP_DOC_198.png,594,774
am_text,34,624,549,36,COMP_DOC_198.png,594,774
am_text,184,13,245,30,COMP_DOC_199.png,594,774
am_text,37,55,233,20,COMP_DOC_199.png,594,774
am_table,39,77,521,95,COMP_DOC_199.png,594,774
am_text,29,192,535,39,COMP_DOC_199.png,594,774
am_text,32,240,527,49,COMP_DOC_199.png,594,774
am_text,28,297,548,24,COMP_DOC_199.png,594,774
am_table,27,330,542,343,COMP_DOC_199.png,594,774
am_text,12,674,548,33,COMP_DOC_199.png,594,774
am_text,187,9,269,32,COMP_DOC_200.png,594,774
am_text,33,51,459,20,COMP_DOC_200.png,594,774
am_table,33,81,553,121,COMP_DOC_200.png,594,774
am_text,22,213,535,65,COMP_DOC_200.png,594,774
am_text,32,285,528,33,COMP_DOC_200.png,594,774
am_text,32,330,533,52,COMP_DOC_200.png,594,774
am_text,34,386,534,36,COMP_DOC_200.png,594,774
am_text,38,429,528,77,COMP_DOC_200.png,594,774
am_text,41,504,533,104,COMP_DOC_200.png,594,774
am_text,32,613,546,41,COMP_DOC_200.png,594,774
am_text,41,662,516,75,COMP_DOC_200.png,594,774
am_text,169,5,240,39,COMP_DOC_201.png,594,774
am_text,31,55,436,36,COMP_DOC_201.png,594,774
am_table,38,98,547,146,COMP_DOC_201.png,594,774
am_text,31,260,530,23,COMP_DOC_201.png,594,774
am_text,23,288,533,29,COMP_DOC_201.png,594,774
am_text,34,324,534,48,COMP_DOC_201.png,594,774
am_table,41,374,529,204,COMP_DOC_201.png,594,774
am_caption,33,586,261,27,COMP_DOC_201.png,594,774
am_text,23,619,563,112,COMP_DOC_201.png,594,774
am_text,187,8,230,34,COMP_DOC_202.png,594,774
am_text,41,57,338,39,COMP_DOC_202.png,594,774
am_table,28,99,566,134,COMP_DOC_202.png,594,774
am_caption,37,236,539,24,COMP_DOC_202.png,594,774
am_text,20,265,563,33,COMP_DOC_202.png,594,774
am_text,22,302,542,23,COMP_DOC_202.png,594,774
am_table,29,330,565,198,COMP_DOC_202.png,594,774
am_text,185,3,256,44,COMP_DOC_203.png,594,774
am_text,41,56,521,70,COMP_DOC_203.png,594,774
am_table,22,133,566,466,COMP_DOC_203.png,594,774
am_text,187,11,228,34,COMP_DOC_204.png,594,774
am_text,28,56,551,38,COMP_DOC_204.png,594,774
am_table,12,96,567,563,COMP_DOC_204.png,594,774
am_text,189,8,220,42,COMP_DOC_205.png,594,774
am_text,33,56,541,56,COMP_DOC_205.png,594,774
am_table,32,121,542,369,COMP_DOC_205.png,594,774
am_caption,33,502,513,19,COMP_DOC_205.png,594,774
am_text,28,527,528,89,COMP_DOC_205.png,594,774
am_text,29,623,565,56,COMP_DOC_205.png,594,774
am_text,183,10,228,41,COMP_DOC_206.png,594,774
am_text,32,57,547,28,COMP_DOC_206.png,594,774
am_table,25,93,544,490,COMP_DOC_206.png,594,774
am_text,27,585,467,23,COMP_DOC_206.png,594,774
am_text,179,1,242,47,COMP_DOC_207.png,594,774
am_table,23,67,548,409,COMP_DOC_207.png,594,774
am_caption,39,487,518,29,COMP_DOC_207.png,594,774
am_text,184,14,242,30,COMP_DOC_208.png,594,774
am_table,25,62,537,420,COMP_DOC_208.png,594,774
am_caption,34,487,552,41,COMP_DOC_208.png,594,774
am_text,28,529,485,34,COMP_DOC_208.png,594,774
am_table,34,568,560,99,COMP_DOC_208.png,594,774
am_text,39,671,529,37,COMP_DOC_208.png,594,774
am_text,25,712,538,43,COMP_DOC_208.png,594,774
am_text,182,5,241,44,COMP_DOC_209.png,594,774
am_text,34,58,544,55,COMP_DOC_209.png,594,774
am_text,32,108,562,77,COMP_DOC_209.png,594,774
am_text,39,189,546,56,COMP_DOC_209.png,594,774
am_text,37,249,472,15,COMP_DOC_209.png,594,774
am_table,38,272,556,66,COMP_DOC_209.png,594,774
am_text,27,346,535,23,COMP_DOC_209.png,594,774
am_text,29,378,534,34,COMP_DOC_209.png,594,774
am_text,34,416,530,48,COMP_DOC_209.png,594,774
am_text,190,10,221,32,COMP_DOC_210.png,594,774
am_text,20,56,547,63,COMP_DOC_210.png,594,774
am_table,27,141,539,254,COMP_DOC_210.png,594,774
am_text,33,402,528,79,COMP_DOC_210.png,594,774
am_text,34,491,525,48,COMP_DOC_210.png,594,774
am_text,20,544,541,69,COMP_DOC_210.png,594,774
am_text,27,619,538,88,COMP_DOC_210.png,594,774
am_text,183,4,227,37,COMP_DOC_211.png,594,774
am_text,42,56,339,16,COMP_DOC_211.png,594,774
am_table,43,85,535,146,COMP_DOC_211.png,594,774
am_text,4,235,560,62,COMP_DOC_211.png,594,774
am_table,41,301,520,103,COMP_DOC_211.png,594,774
am_text,28,403,537,33,COMP_DOC_211.png,594,774
am_text,36,444,530,46,COMP_DOC_211.png,594,774
am_text,32,499,530,216,COMP_DOC_211.png,594,774
am_text,187,11,232,36,COMP_DOC_212.png,594,774
am_text,36,58,547,27,COMP_DOC_212.png,594,774
am_text,27,91,567,129,COMP_DOC_212.png,594,774
am_text,37,228,524,114,COMP_DOC_212.png,594,774
am_text,37,348,543,79,COMP_DOC_212.png,594,774
am_text,37,431,544,95,COMP_DOC_212.png,594,774
am_text,187,11,247,34,COMP_DOC_213.png,594,774
am_text,37,62,506,32,COMP_DOC_213.png,594,774
am_table,32,100,533,613,COMP_DOC_213.png,594,774
am_text,183,11,240,37,COMP_DOC_214.png,594,774
am_text,37,55,557,28,COMP_DOC_214.png,594,774
am_table,41,89,553,312,COMP_DOC_214.png,594,774
am_text,33,407,552,33,COMP_DOC_214.png,594,774
am_text,34,447,560,44,COMP_DOC_214.png,594,774
am_text,32,497,533,57,COMP_DOC_214.png,594,774
am_text,28,563,539,93,COMP_DOC_214.png,594,774
am_text,41,659,548,57,COMP_DOC_214.png,594,774
am_text,183,3,251,43,COMP_DOC_215.png,594,774
am_text,39,61,280,13,COMP_DOC_215.png,594,774
am_table,41,85,551,134,COMP_DOC_215.png,594,774
am_text,31,222,527,28,COMP_DOC_215.png,594,774
am_text,22,259,529,42,COMP_DOC_215.png,594,774
am_text,33,311,535,69,COMP_DOC_215.png,594,774
am_text,39,384,539,57,COMP_DOC_215.png,594,774
am_text,38,445,529,60,COMP_DOC_215.png,594,774
am_text,38,516,551,107,COMP_DOC_215.png,594,774
am_text,39,631,523,51,COMP_DOC_215.png,594,774
am_text,23,689,547,39,COMP_DOC_215.png,594,774
am_text,183,10,220,37,COMP_DOC_216.png,594,774
am_text,37,62,547,38,COMP_DOC_216.png,594,774
am_text,37,113,529,55,COMP_DOC_216.png,594,774
am_text,37,170,527,47,COMP_DOC_216.png,594,774
am_text,36,225,520,42,COMP_DOC_216.png,594,774
am_text,34,273,527,29,COMP_DOC_216.png,594,774
am_text,32,307,562,56,COMP_DOC_216.png,594,774
am_text,36,367,537,76,COMP_DOC_216.png,594,774
am_table,17,450,577,218,COMP_DOC_216.png,594,774
am_text,168,9,284,42,COMP_DOC_217.png,594,774
am_table,55,61,523,642,COMP_DOC_217.png,594,774
am_text,176,9,254,34,COMP_DOC_218.png,594,774
am_text,27,57,567,29,COMP_DOC_218.png,594,774
am_table,41,90,530,128,COMP_DOC_218.png,594,774
am_text,197,25,221,33,COMP_DOC_219.png,594,774
am_table,33,63,561,232,COMP_DOC_219.png,594,774
am_caption,34,298,560,79,COMP_DOC_219.png,594,774
am_text,258,27,82,15,COMP_DOC_220.png,594,774
am_table,36,49,548,686,COMP_DOC_220.png,594,774
am_table,55,24,532,426,COMP_DOC_221.png,594,774
am_text,25,461,81,18,COMP_DOC_221.png,594,774
am_text,41,480,244,24,COMP_DOC_221.png,594,774
am_text,27,505,567,39,COMP_DOC_221.png,594,774
am_text,34,553,384,33,COMP_DOC_221.png,594,774
am_text,14,595,187,52,COMP_DOC_221.png,594,774
am_text,234,24,100,32,COMP_DOC_222.png,594,774
am_text,13,61,549,98,COMP_DOC_222.png,594,774
am_text,28,181,539,151,COMP_DOC_222.png,594,774
am_text,29,28,542,36,COMP_DOC_223.png,594,774
am_table,18,70,554,647,COMP_DOC_223.png,594,774
am_text,33,29,293,32,COMP_DOC_224.png,594,774
am_text,31,75,114,20,COMP_DOC_224.png,594,774
am_text,29,107,112,42,COMP_DOC_224.png,594,774
am_text,31,160,127,36,COMP_DOC_224.png,594,774
am_text,31,200,108,34,COMP_DOC_224.png,594,774
am_text,33,246,143,49,COMP_DOC_224.png,594,774
am_text,33,302,121,65,COMP_DOC_224.png,594,774
am_text,33,374,128,34,COMP_DOC_224.png,594,774
am_text,31,416,103,42,COMP_DOC_224.png,594,774
am_text,25,466,109,41,COMP_DOC_224.png,594,774
am_text,33,506,146,46,COMP_DOC_224.png,594,774
am_text,29,557,156,42,COMP_DOC_224.png,594,774
am_text,29,603,147,27,COMP_DOC_224.png,594,774
am_text,20,634,146,41,COMP_DOC_224.png,594,774
am_text,25,683,152,52,COMP_DOC_224.png,594,774
am_text,207,76,84,19,COMP_DOC_224.png,594,774
am_text,199,104,82,43,COMP_DOC_224.png,594,774
am_text,198,152,61,14,COMP_DOC_224.png,594,774
am_text,207,173,89,39,COMP_DOC_224.png,594,774
am_text,207,220,104,30,COMP_DOC_224.png,594,774
am_text,192,253,93,23,COMP_DOC_224.png,594,774
am_text,187,284,137,38,COMP_DOC_224.png,594,774
am_text,201,327,128,46,COMP_DOC_224.png,594,774
am_text,201,376,98,39,COMP_DOC_224.png,594,774
am_text,197,421,137,42,COMP_DOC_224.png,594,774
am_text,188,467,161,25,COMP_DOC_224.png,594,774
am_text,197,494,151,41,COMP_DOC_224.png,594,774
am_text,192,539,146,24,COMP_DOC_224.png,594,774
am_text,199,571,102,48,COMP_DOC_224.png,594,774
am_text,360,82,107,29,COMP_DOC_224.png,594,774
am_text,367,122,151,51,COMP_DOC_224.png,594,774
am_text,362,183,154,89,COMP_DOC_224.png,594,774
am_text,497,268,0,10,COMP_DOC_224.png,594,774
am_text,367,277,161,173,COMP_DOC_224.png,594,774
am_text,367,454,129,86,COMP_DOC_224.png,594,774
am_text,29,692,466,61,COMP_DOC_225.png,594,774
am_figure,3,1,591,773,COMP_DOC_225.png,594,774